,species,country_of_origin,variety,aroma,aftertaste,acidity,body,balance,sweetness,altitude_mean_meters,moisture,specialty
1,Arabica,Other,Other,8.75,8.5,8.58,8.42,8.42,10.0,2075.0,0.12,Yes
2,Arabica,Guatemala,Bourbon,8.42,8.42,8.42,8.33,8.42,10.0,1700.0,0.0,Yes
4,Arabica,Other,Other,8.25,8.25,8.5,8.42,8.33,10.0,2075.0,0.12,Yes
9,Arabica,Other,Other,8.08,8.5,8.5,7.67,8.42,10.0,1822.5,0.1,Yes
11,Arabica,Other,Other,8.25,8.17,8.33,8.08,8.17,10.0,1872.0,0.0,Yes
12,Arabica,Other,Other,8.08,8.33,8.42,8.0,8.08,10.0,1943.0,0.0,Yes
15,Arabica,Other,Other,8.0,8.58,8.17,8.17,8.0,10.0,2080.0,0.0,Yes
18,Arabica,Other,Other,8.42,8.08,8.17,7.92,8.0,10.0,1450.0,0.1,Yes
19,Arabica,Other,Other,8.17,8.0,8.17,8.08,8.33,10.0,1850.0,0.0,Yes
20,Arabica,Other,Other,8.0,8.08,8.5,8.25,8.0,10.0,2019.0,0.0,Yes
21,Arabica,Costa Rica,Caturra,8.08,8.0,8.17,8.0,8.33,10.0,1300.0,0.11,Yes
22,Arabica,Mexico,Other,8.17,8.17,8.0,7.83,8.17,10.0,1320.0,0.13,Yes
23,Arabica,Other,Other,8.25,8.17,8.17,7.83,8.17,10.0,2112.0,0.0,Yes
25,Arabica,Brazil,Bourbon,8.5,8.0,8.0,8.0,8.0,10.0,1250.0,0.12,Yes
27,Arabica,Other,Other,8.42,8.17,8.17,7.83,7.92,10.0,1950.0,0.12,Yes
28,Arabica,Honduras,Caturra,8.17,8.08,8.0,8.08,8.0,10.0,1400.0,0.1,Yes
29,Arabica,Taiwan,Other,8.0,8.0,8.25,8.0,8.17,10.0,1200.0,0.0,Yes
32,Arabica,Brazil,Bourbon,8.5,8.0,7.75,8.0,8.0,10.0,1300.0,0.12,Yes
33,Arabica,Costa Rica,Caturra,8.17,8.0,8.08,7.83,8.0,10.0,1300.0,0.0,Yes
35,Arabica,Other,Other,8.08,8.0,8.25,7.92,7.92,10.0,1800.0,0.12,Yes
39,Arabica,Other,Other,7.67,8.0,8.0,8.17,8.08,10.0,1941.0,0.0,Yes
40,Arabica,Other,Caturra,7.83,7.83,8.25,7.58,7.92,10.0,1300.0,0.1,Yes
41,Arabica,Brazil,Other,8.17,7.92,7.75,8.33,8.0,10.0,12.0,0.08,Yes
42,Arabica,Brazil,Other,8.42,8.0,7.75,7.92,8.0,10.0,12.0,0.01,Yes
43,Arabica,Taiwan,Bourbon,8.08,7.75,8.08,7.75,7.83,10.0,1000.0,0.12,Yes
44,Arabica,Other,Other,8.08,8.0,8.0,7.83,8.08,10.0,1754.0,0.11,Yes
45,Arabica,Brazil,Bourbon,8.33,8.0,8.0,7.75,8.0,10.0,1250.0,0.11,Yes
47,Arabica,Colombia,Caturra,7.75,7.83,8.08,8.08,8.17,10.0,1200.0,0.12,Yes
48,Arabica,Other,Other,7.92,7.83,8.5,7.5,7.92,10.0,1860.0,0.11,Yes
49,Arabica,Other,Other,8.25,7.83,8.08,8.0,7.92,10.0,1650.0,0.1,Yes
53,Arabica,Other,Other,8.17,7.92,8.08,7.83,7.75,10.0,1650.0,0.12,Yes
54,Arabica,Colombia,Caturra,8.0,8.0,8.17,7.83,8.0,10.0,1800.0,0.0,Yes
55,Arabica,Other,Other,8.0,7.92,8.08,7.83,8.0,10.0,1600.0,0.08,Yes
57,Arabica,Guatemala,Bourbon,7.83,8.0,8.17,7.83,8.0,10.0,1524.0,0.12,Yes
58,Arabica,Guatemala,Catuai,8.0,7.83,8.33,7.83,7.83,10.0,1417.32,0.1,Yes
62,Arabica,Other,Bourbon,7.92,8.0,7.92,7.75,7.83,10.0,1500.0,0.1,Yes
63,Arabica,Other,Bourbon,7.83,8.0,7.75,7.92,8.17,10.0,1350.0,0.11,Yes
65,Arabica,Other,Caturra,8.0,7.83,7.83,7.67,8.58,10.0,1680.0,0.09,Yes
66,Arabica,Other,Other,7.92,7.83,8.08,7.83,7.92,10.0,1900.0,0.1,Yes
67,Arabica,Other,Other,7.83,7.83,7.92,7.83,8.08,10.0,1900.0,0.12,Yes
68,Arabica,Other,Other,8.33,7.67,7.92,7.67,7.92,10.0,1600.0,0.12,Yes
69,Arabica,Guatemala,Bourbon,8.0,7.67,8.33,7.83,8.0,10.0,1731.264,0.11,Yes
71,Arabica,Other,Other,8.08,7.83,7.67,8.0,7.83,10.0,1950.0,0.12,Yes
73,Arabica,Brazil,Bourbon,8.0,8.0,7.67,7.75,8.0,10.0,1250.0,0.11,Yes
75,Arabica,Other,Other,8.0,8.0,7.83,7.83,7.75,10.0,1700.0,0.1,Yes
76,Arabica,Guatemala,Other,7.83,7.83,7.67,7.83,8.58,10.0,1770.0,0.11,Yes
77,Arabica,Costa Rica,Caturra,7.92,8.0,7.92,8.0,8.08,9.33,1300.0,0.0,Yes
78,Arabica,Costa Rica,Caturra,8.0,7.58,7.67,8.08,8.5,10.0,1300.0,0.1,Yes
79,Arabica,Other,Other,7.83,7.75,8.08,7.92,7.75,10.0,1600.0,0.0,Yes
80,Arabica,Other,Other,8.0,7.92,8.08,7.83,7.75,10.0,1200.0,0.0,Yes
84,Arabica,Colombia,Caturra,8.17,7.83,8.0,7.58,7.83,10.0,1550.0,0.11,Yes
85,Arabica,Colombia,Caturra,7.58,7.92,7.83,8.0,7.92,10.0,1550.0,0.12,Yes
86,Arabica,Other,Other,7.75,7.67,8.0,8.08,7.83,10.0,1325.0,0.11,Yes
87,Arabica,Guatemala,Caturra,8.25,7.67,7.92,7.75,7.67,10.0,1400.0,0.0,Yes
89,Arabica,Colombia,Caturra,8.17,7.58,8.08,8.0,7.75,10.0,2560.0,0.0,Yes
92,Arabica,Colombia,Caturra,7.83,7.75,7.75,7.83,7.83,10.0,2136.0,0.11,Yes
96,Arabica,Other,Other,8.17,7.75,7.75,7.67,7.75,10.0,1800.0,0.11,Yes
98,Arabica,Costa Rica,Catuai,7.83,7.58,7.92,7.92,7.83,10.0,1900.0,0.12,Yes
99,Arabica,Mexico,Typica,7.83,7.83,7.75,7.67,7.83,10.0,1300.0,0.09,Yes
101,Arabica,Other,Other,7.75,7.75,8.08,8.0,7.75,10.0,1580.0,0.0,Yes
102,Arabica,Brazil,Other,8.0,7.83,7.83,7.67,7.67,10.0,1100.0,0.12,Yes
103,Arabica,Mexico,Other,7.92,7.75,8.08,7.42,7.83,10.0,1400.0,0.0,Yes
107,Arabica,Colombia,Caturra,7.92,7.75,7.83,7.75,8.0,10.0,1775.0,0.12,Yes
108,Arabica,Taiwan,Typica,7.67,8.0,7.58,8.0,7.92,10.0,800.0,0.11,Yes
109,Arabica,Other,Other,8.0,7.83,7.92,7.75,7.75,10.0,1620.0,0.12,Yes
110,Arabica,Colombia,Caturra,7.75,7.83,7.75,7.75,8.0,10.0,1775.0,0.11,Yes
111,Arabica,Mexico,Typica,7.75,7.75,7.83,7.5,7.92,10.0,1200.0,0.11,Yes
112,Arabica,Brazil,Bourbon,8.0,7.75,7.75,8.0,7.75,10.0,1200.0,0.11,Yes
113,Arabica,Brazil,Catuai,8.0,7.75,8.0,7.5,7.75,10.0,1000.0,0.12,Yes
115,Arabica,Taiwan,Typica,7.92,7.83,7.83,7.83,7.83,10.0,350.0,0.0,Yes
116,Arabica,Other,Other,7.75,7.67,7.67,8.25,7.75,10.0,1650.0,0.12,Yes
121,Arabica,Other,Other,7.92,7.58,7.92,7.75,7.83,10.0,1800.0,0.13,Yes
122,Arabica,Honduras,Catuai,7.83,8.0,7.67,7.67,7.67,10.0,1450.0,0.11,Yes
125,Arabica,Other,Bourbon,7.83,7.5,8.0,7.83,7.67,10.0,1350.0,0.0,Yes
126,Arabica,Other,Other,7.92,7.75,7.75,7.75,7.75,10.0,1200.0,0.12,Yes
127,Arabica,Other,Other,7.75,7.75,7.42,8.08,7.83,10.0,170.0,0.12,Yes
128,Arabica,Costa Rica,Catuai,8.08,7.67,7.83,7.5,7.92,10.0,1150.0,0.1,Yes
129,Arabica,Guatemala,Bourbon,7.75,7.58,8.0,7.92,7.75,10.0,1600.0,0.1,Yes
130,Arabica,Costa Rica,Caturra,8.17,7.83,7.17,7.83,7.75,10.0,1750.0,0.12,Yes
131,Arabica,Other,Other,8.08,7.75,7.83,7.58,7.67,10.0,1900.0,0.1,Yes
132,Arabica,Costa Rica,Other,7.67,7.75,7.75,7.67,8.58,10.0,1750.0,0.08,Yes
133,Arabica,Costa Rica,Catuai,8.0,7.83,7.75,7.75,7.75,10.0,1200.0,0.11,Yes
135,Arabica,Taiwan,Typica,8.0,7.75,7.75,7.75,7.75,10.0,1000.0,0.11,Yes
136,Arabica,Colombia,Caturra,7.75,7.75,7.83,7.75,7.83,10.0,1550.0,0.0,Yes
137,Arabica,Other,Other,7.75,7.83,8.0,7.58,7.75,10.0,2000.0,0.11,Yes
138,Arabica,Guatemala,Bourbon,8.0,7.67,7.83,7.67,8.0,10.0,1310.64,0.11,Yes
139,Arabica,Guatemala,Bourbon,7.67,7.67,8.0,7.67,7.83,10.0,1524.0,0.12,Yes
140,Arabica,Mexico,Typica,7.83,7.67,7.92,7.92,7.83,10.0,1200.0,0.13,Yes
141,Arabica,Other,Other,7.92,7.75,7.92,7.67,7.75,10.0,1775.0,0.11,Yes
144,Arabica,Other,Other,7.92,7.83,7.75,7.58,7.92,10.0,1754.0,0.11,Yes
145,Arabica,Colombia,Other,7.83,7.58,7.92,7.67,7.83,10.0,1500.0,0.0,Yes
147,Arabica,Other,Other,7.83,7.83,7.75,7.58,7.83,10.0,1800.0,0.1,Yes
148,Arabica,Guatemala,Other,7.75,7.67,7.92,7.75,7.83,10.0,1524.0,0.11,Yes
149,Arabica,Guatemala,Bourbon,8.0,7.67,7.58,7.58,7.67,10.0,1219.2,0.09,Yes
150,Arabica,Colombia,Caturra,7.67,7.58,7.75,7.58,8.5,10.0,1550.0,0.0,Yes
151,Arabica,Colombia,Caturra,7.75,7.83,7.75,7.58,8.0,10.0,1750.0,0.0,Yes
153,Arabica,Colombia,Caturra,7.67,7.83,8.0,7.58,7.92,10.0,1750.0,0.0,Yes
154,Arabica,Costa Rica,Bourbon,7.75,7.75,8.0,7.83,7.67,10.0,1575.0,0.12,Yes
155,Arabica,Colombia,Caturra,7.42,7.75,7.75,8.08,7.83,10.0,1800.0,0.11,Yes
156,Arabica,Brazil,Bourbon,8.0,7.75,7.75,7.58,7.75,10.0,1300.0,0.12,Yes
157,Arabica,Brazil,Catuai,8.5,7.5,7.75,7.5,7.83,10.0,1100.0,0.11,Yes
158,Arabica,Costa Rica,Caturra,7.92,7.92,7.75,7.67,7.58,10.0,1200.0,0.1,Yes
159,Arabica,Other,Other,7.92,7.67,7.75,7.83,7.75,10.0,1750.0,0.11,Yes
160,Arabica,Other,Other,7.75,7.67,7.83,7.75,7.67,10.0,1680.0,0.1,Yes
161,Arabica,Costa Rica,Caturra,7.92,7.83,7.83,7.58,7.58,10.0,1700.0,0.11,Yes
162,Arabica,Colombia,Other,8.08,7.83,7.83,7.67,7.67,10.0,1800.0,0.12,Yes
163,Arabica,Other,Other,7.67,7.75,7.83,7.75,7.58,10.0,1100.0,0.0,Yes
164,Arabica,Guatemala,Bourbon,8.17,7.67,7.83,7.67,7.83,10.0,1310.64,0.11,Yes
165,Arabica,Other,Other,7.92,7.67,8.0,7.67,7.75,10.0,2000.0,0.11,Yes
166,Arabica,Mexico,Typica,8.0,7.42,8.08,7.5,7.67,10.0,1350.0,0.12,Yes
167,Arabica,Mexico,Typica,7.92,7.75,7.75,7.75,7.83,10.0,1500.0,0.11,Yes
171,Arabica,Costa Rica,Caturra,7.58,7.83,8.0,7.67,7.58,10.0,1300.0,0.1,Yes
172,Arabica,Other,Other,7.67,7.83,7.58,7.83,7.83,10.0,1400.0,0.0,Yes
174,Arabica,Colombia,Caturra,7.92,7.67,7.92,7.67,7.75,10.0,1775.0,0.0,Yes
175,Arabica,Taiwan,Typica,7.83,7.75,8.0,7.5,7.75,10.0,1200.0,0.11,Yes
177,Arabica,Mexico,Other,7.75,7.75,7.67,7.83,7.67,10.0,900.0,0.12,Yes
179,Arabica,Other,Other,7.33,7.83,7.75,7.75,7.92,10.0,1800.0,0.11,Yes
180,Arabica,Honduras,Caturra,7.92,7.75,7.67,7.67,7.75,10.0,1500.0,0.1,Yes
182,Arabica,Honduras,Catuai,7.58,7.58,7.75,7.92,7.75,10.0,1500.0,0.11,Yes
184,Arabica,Colombia,Caturra,7.75,8.0,7.67,8.08,7.83,10.0,442.0,0.11,Yes
185,Arabica,Colombia,Caturra,7.75,7.33,7.83,7.58,8.08,10.0,1800.0,0.0,Yes
186,Arabica,Mexico,Typica,8.0,7.75,7.83,7.5,7.67,10.0,1700.0,0.12,Yes
187,Arabica,Brazil,Other,8.17,7.5,7.75,7.5,7.67,10.0,1275.0,0.0,Yes
191,Arabica,Taiwan,Typica,7.92,7.75,7.67,7.67,7.83,10.0,1000.0,0.12,Yes
192,Arabica,Other,Other,7.83,7.75,7.42,7.83,7.67,10.0,1200.0,0.12,Yes
193,Arabica,Colombia,Caturra,7.83,7.75,7.58,7.67,8.0,10.0,2560.0,0.11,Yes
194,Arabica,Guatemala,Caturra,7.75,7.58,7.92,7.75,7.75,10.0,1500.0,0.11,Yes
195,Arabica,Guatemala,Caturra,7.75,7.5,8.08,7.58,7.67,10.0,1099.4136,0.1,Yes
196,Arabica,Other,Other,7.83,7.58,7.75,7.75,7.75,10.0,1400.0,0.1,Yes
197,Arabica,Colombia,Caturra,7.67,7.75,7.75,7.67,7.92,10.0,1775.0,0.11,Yes
198,Arabica,Colombia,Caturra,7.83,7.75,7.58,7.92,7.75,10.0,1775.0,0.12,Yes
199,Arabica,Colombia,Other,7.83,7.83,7.58,7.67,7.75,10.0,1800.0,0.12,Yes
200,Arabica,Colombia,Caturra,7.42,7.83,7.75,7.92,7.83,10.0,442.0,0.12,Yes
201,Arabica,Other,Other,7.83,7.75,7.83,7.67,7.67,10.0,1620.0,0.12,Yes
202,Arabica,Other,Other,7.83,7.75,7.75,7.67,7.75,10.0,1600.0,0.12,Yes
203,Arabica,Guatemala,Bourbon,7.83,7.5,7.92,7.58,7.75,10.0,1219.2,0.1,Yes
204,Arabica,Colombia,Caturra,7.58,7.75,7.83,7.92,7.83,10.0,1700.0,0.11,Yes
206,Arabica,Mexico,Typica,7.83,7.67,7.83,7.5,7.75,10.0,1450.0,0.12,Yes
207,Arabica,Mexico,Bourbon,7.83,7.75,7.67,7.83,7.58,10.0,1170.0,0.12,Yes
208,Arabica,Mexico,Bourbon,7.83,7.67,7.75,7.5,7.75,10.0,1400.0,0.1,Yes
209,Arabica,Other,Other,8.17,7.58,7.67,7.83,7.58,10.0,1700.0,0.13,Yes
210,Arabica,Guatemala,Bourbon,7.75,7.58,7.83,7.67,7.75,10.0,1700.0,0.13,Yes
212,Arabica,Costa Rica,Caturra,7.92,7.67,7.67,7.5,7.67,10.0,1700.0,0.09,Yes
213,Arabica,Guatemala,Caturra,7.75,7.58,8.0,7.67,7.83,10.0,1116.7872,0.11,Yes
214,Arabica,Guatemala,Caturra,7.75,7.58,7.92,7.67,7.67,10.0,1565.0,0.1,Yes
215,Arabica,Guatemala,Bourbon,7.58,7.58,7.83,7.83,7.67,10.0,3280.0,0.1,Yes
216,Arabica,Colombia,Caturra,8.0,7.5,7.67,8.0,7.83,10.0,1775.0,0.0,Yes
217,Arabica,Other,Caturra,7.67,7.83,7.5,7.67,7.83,10.0,1000.0,0.12,Yes
218,Arabica,Brazil,Catuai,7.67,7.75,7.67,7.83,7.75,10.0,1150.0,0.0,Yes
219,Arabica,Costa Rica,Caturra,7.67,7.67,7.75,7.5,8.0,10.0,1850.0,0.0,Yes
220,Arabica,Other,Other,7.5,7.58,7.83,7.75,7.83,10.0,1606.5,0.1,Yes
221,Arabica,Other,Other,7.92,7.75,7.75,7.75,7.58,10.0,1400.0,0.13,Yes
222,Arabica,Colombia,Other,7.67,7.67,7.42,7.83,8.58,10.0,1530.0,0.12,Yes
224,Arabica,Other,Other,7.58,7.75,7.75,7.75,7.83,10.0,250.5,0.08,Yes
225,Arabica,Brazil,Other,7.58,7.75,7.67,7.67,8.0,10.0,1038.5,0.11,Yes
226,Arabica,Guatemala,Bourbon,7.92,7.67,7.67,7.83,7.92,10.0,1310.64,0.11,Yes
227,Arabica,Other,Bourbon,8.42,7.5,7.17,7.58,8.17,10.0,1500.0,0.11,Yes
228,Arabica,Colombia,Caturra,7.75,7.75,7.75,7.83,7.75,10.0,1750.0,0.0,Yes
230,Arabica,Other,Other,7.83,7.5,7.83,7.83,7.75,10.0,1600.0,0.11,Yes
232,Arabica,Colombia,Caturra,7.83,7.42,7.5,7.83,8.5,10.0,442.0,0.0,Yes
233,Arabica,Taiwan,Typica,7.58,7.67,7.67,7.75,7.83,10.0,968.0,0.1,Yes
235,Arabica,Colombia,Caturra,7.92,7.67,7.75,7.67,7.67,10.0,1775.0,0.0,Yes
236,Arabica,Guatemala,Bourbon,7.58,7.67,8.0,7.75,7.67,10.0,1550.0,0.1,Yes
238,Arabica,Mexico,Typica,7.67,7.67,7.75,7.67,7.75,10.0,1480.0,0.11,Yes
239,Arabica,Other,Other,7.92,7.83,8.0,7.92,7.92,8.67,1800.0,0.09,Yes
241,Arabica,Other,Other,7.83,7.67,7.75,7.33,7.75,10.0,1800.0,0.11,Yes
242,Arabica,Honduras,Caturra,7.42,7.75,7.92,7.75,7.58,10.0,1500.0,0.1,Yes
243,Arabica,Guatemala,Caturra,7.67,7.58,7.92,7.75,7.67,10.0,1706.88,0.12,Yes
244,Arabica,Colombia,Other,7.67,7.83,7.58,7.58,7.83,10.0,1600.0,0.11,Yes
245,Arabica,Guatemala,Bourbon,7.92,7.42,7.92,7.75,7.83,10.0,1219.2,0.1,Yes
246,Arabica,Guatemala,Bourbon,7.75,7.5,7.83,7.58,7.67,10.0,1219.2,0.1,Yes
248,Arabica,Colombia,Caturra,7.58,7.75,7.92,7.75,7.92,10.0,1450.0,0.12,Yes
249,Arabica,Colombia,Caturra,7.67,7.5,7.5,7.67,7.67,10.0,1775.0,0.12,Yes
250,Arabica,Other,Other,7.75,7.5,7.58,7.67,7.92,10.0,1550.0,0.09,Yes
251,Arabica,Brazil,Other,7.58,7.67,7.25,8.0,7.75,10.0,1260.0,0.1,Yes
252,Arabica,Colombia,Caturra,7.67,7.67,7.75,7.67,7.75,10.0,1700.0,0.11,Yes
253,Arabica,Other,Other,7.67,7.5,7.75,7.92,7.67,10.0,1200.0,0.0,Yes
255,Arabica,Other,Other,7.67,7.67,7.75,7.83,7.67,10.0,1650.0,0.0,Yes
256,Arabica,Other,Other,7.92,7.58,7.67,7.67,7.83,10.0,1700.0,0.1,Yes
258,Arabica,Brazil,Bourbon,7.5,7.58,7.5,7.58,7.5,10.0,890.0,0.0,Yes
259,Arabica,Mexico,Other,7.83,7.58,7.92,7.42,7.5,10.0,1300.0,0.11,Yes
260,Arabica,Other,Other,7.67,7.5,7.67,7.67,7.83,10.0,1350.0,0.1,Yes
261,Arabica,Brazil,Bourbon,7.58,7.67,7.75,7.58,7.83,10.0,934.0,0.11,Yes
262,Arabica,Taiwan,Typica,7.83,7.83,7.75,7.83,7.75,10.0,1200.0,0.11,Yes
268,Arabica,Colombia,Caturra,7.75,7.67,7.83,7.83,7.67,10.0,1775.0,0.0,Yes
269,Arabica,Taiwan,Typica,8.0,7.92,7.92,7.67,7.33,10.0,950.0,0.06,Yes
270,Arabica,Colombia,Caturra,7.67,7.67,7.75,7.67,7.83,10.0,1550.0,0.12,Yes
271,Arabica,Mexico,Typica,7.67,7.58,7.67,7.75,7.83,10.0,900.0,0.12,Yes
272,Arabica,Mexico,Typica,7.5,7.58,7.83,7.75,7.75,10.0,1500.0,0.11,Yes
273,Arabica,Mexico,Typica,7.75,7.83,7.92,7.75,7.67,10.0,1400.0,0.0,Yes
274,Arabica,Colombia,Caturra,7.92,7.5,7.83,7.58,7.67,10.0,2527.0,0.0,Yes
276,Arabica,Costa Rica,Caturra,7.67,7.75,7.67,7.5,7.75,10.0,1850.0,0.0,Yes
277,Arabica,Guatemala,Bourbon,7.75,7.5,7.75,7.83,7.58,10.0,1500.0,0.11,Yes
279,Arabica,Brazil,Other,7.25,7.42,8.0,7.75,7.83,10.0,1.0,0.0,Yes
280,Arabica,Taiwan,Typica,7.67,7.67,7.75,7.42,7.75,10.0,525.0,0.0,Yes
282,Arabica,Brazil,Bourbon,7.67,7.58,7.5,7.83,8.17,9.33,1200.0,0.0,Yes
283,Arabica,Costa Rica,Catuai,7.83,7.5,7.83,7.75,7.83,10.0,1300.0,0.1,Yes
284,Arabica,Guatemala,Bourbon,7.58,7.33,8.0,7.58,7.75,10.0,1219.2,0.1,Yes
285,Arabica,Brazil,Other,7.92,7.33,7.67,8.17,7.5,10.0,1260.0,0.1,Yes
287,Arabica,Colombia,Caturra,7.67,7.58,7.83,7.58,7.67,10.0,1750.0,0.11,Yes
288,Arabica,Guatemala,Bourbon,7.5,7.5,7.83,7.83,7.67,10.0,1310.64,0.11,Yes
289,Arabica,Mexico,Bourbon,7.67,7.67,7.42,7.67,7.5,10.0,1218.0,0.1,Yes
290,Arabica,Mexico,Other,7.67,7.5,7.75,7.75,7.75,10.0,1300.0,0.11,Yes
291,Arabica,Brazil,Other,7.83,7.58,7.67,7.5,7.58,10.0,1250.0,0.12,Yes
295,Arabica,Other,Other,7.75,7.5,7.58,7.75,7.75,10.0,1800.0,0.11,Yes
296,Arabica,Brazil,Bourbon,7.67,7.58,7.75,7.67,7.67,10.0,890.0,0.11,Yes
297,Arabica,Colombia,Caturra,7.83,7.58,7.58,7.58,7.58,10.0,442.0,0.11,Yes
298,Arabica,Taiwan,Typica,7.67,7.58,7.58,7.67,7.83,10.0,750.0,0.0,Yes
300,Arabica,Other,Other,7.83,7.67,7.5,7.58,7.67,10.0,1650.0,0.1,Yes
301,Arabica,Colombia,Caturra,7.75,7.5,7.67,7.58,7.83,10.0,442.0,0.0,Yes
302,Arabica,Other,Bourbon,8.0,7.58,7.75,7.33,7.5,10.0,1400.0,0.12,Yes
303,Arabica,Other,Other,7.83,7.83,7.67,8.0,8.17,10.0,853.44,0.12,Yes
304,Arabica,Colombia,Caturra,7.67,7.67,7.92,7.5,7.67,10.0,1775.0,0.0,Yes
305,Arabica,Colombia,Other,7.67,7.42,7.42,8.0,8.33,10.0,1550.0,0.0,Yes
306,Arabica,Colombia,Caturra,7.58,7.75,7.67,7.67,7.67,10.0,1750.0,0.0,Yes
307,Arabica,Colombia,Caturra,7.75,7.75,7.58,7.42,8.0,10.0,1750.0,0.11,Yes
309,Arabica,Mexico,Caturra,7.83,7.58,7.5,7.75,7.67,10.0,700.0,0.13,Yes
310,Arabica,Guatemala,Caturra,7.67,7.58,7.67,7.75,7.75,10.0,1300.0,0.11,Yes
314,Arabica,Brazil,Bourbon,7.67,7.5,7.67,7.67,7.5,10.0,890.0,0.11,Yes
315,Arabica,Other,Other,8.08,7.67,7.58,7.25,7.67,10.0,1700.0,0.11,Yes
316,Arabica,Honduras,Caturra,7.5,7.67,7.67,8.0,8.0,10.0,1400.0,0.1,Yes
317,Arabica,Other,Caturra,7.67,7.67,7.67,7.83,7.58,10.0,1250.0,0.1,Yes
318,Arabica,Brazil,Bourbon,7.58,7.58,7.75,7.58,7.58,10.0,934.0,0.11,Yes
319,Arabica,Taiwan,Caturra,7.5,7.33,7.92,7.83,7.67,10.0,1200.0,0.1,Yes
322,Arabica,Colombia,Caturra,7.5,7.5,7.75,7.67,7.67,10.0,1625.0,0.11,Yes
323,Arabica,Guatemala,Bourbon,8.0,7.33,8.0,8.0,8.0,10.0,1356.6648,0.1,Yes
324,Arabica,Colombia,Caturra,7.83,7.67,7.58,7.58,7.67,10.0,1750.0,0.0,Yes
325,Arabica,Colombia,Caturra,7.67,7.67,7.67,7.33,7.75,10.0,1900.0,0.0,Yes
326,Arabica,Guatemala,Bourbon,7.67,7.42,7.67,8.0,7.75,10.0,1310.64,0.12,Yes
327,Arabica,Guatemala,Bourbon,7.83,7.33,7.67,7.67,7.83,10.0,1310.64,0.11,Yes
328,Arabica,Colombia,Caturra,7.75,7.58,7.83,7.17,7.75,10.0,1750.0,0.11,Yes
329,Arabica,Guatemala,Caturra,8.17,7.83,7.67,8.08,7.75,9.33,1450.0,0.11,Yes
330,Arabica,Guatemala,Bourbon,7.67,7.5,7.42,7.58,7.83,10.0,1310.64,0.11,Yes
331,Arabica,Mexico,Typica,7.67,7.5,7.33,7.83,8.25,10.0,1100.0,0.12,Yes
332,Arabica,Other,Typica,8.17,7.58,7.58,7.42,7.67,10.0,1400.0,0.12,Yes
333,Arabica,Guatemala,Caturra,7.67,7.33,8.0,7.67,7.67,10.0,1524.0,0.1,Yes
335,Arabica,Brazil,Bourbon,7.58,7.58,7.58,7.67,7.58,10.0,890.0,0.11,Yes
336,Arabica,Guatemala,Caturra,7.75,7.5,7.83,7.58,7.58,10.0,1128.3696,0.11,Yes
338,Arabica,Other,Other,7.67,7.58,7.58,7.67,7.75,10.0,1100.0,0.1,Yes
339,Arabica,Colombia,Caturra,7.67,7.58,7.67,7.75,7.58,10.0,1775.0,0.12,Yes
340,Arabica,Mexico,Caturra,7.75,7.58,7.58,7.5,7.67,10.0,1200.0,0.12,Yes
341,Arabica,Other,Other,7.75,7.58,7.67,7.5,7.67,10.0,1850.0,0.0,Yes
342,Arabica,Other,Other,7.67,7.42,7.75,7.75,7.67,10.0,1800.0,0.12,Yes
343,Arabica,Colombia,Caturra,7.67,7.67,7.67,7.67,7.67,10.0,1600.0,0.0,Yes
344,Arabica,Colombia,Caturra,7.67,7.67,7.58,7.67,7.75,10.0,1550.0,0.12,Yes
345,Arabica,Colombia,Caturra,7.75,7.5,7.58,7.75,7.83,10.0,1550.0,0.0,Yes
346,Arabica,Taiwan,Typica,7.75,7.75,7.75,7.5,7.58,10.0,1000.0,0.11,Yes
347,Arabica,Colombia,Caturra,7.67,7.58,7.67,7.75,7.58,10.0,1775.0,0.11,Yes
348,Arabica,Mexico,Typica,7.83,7.58,7.58,7.67,7.58,10.0,1000.0,0.12,Yes
349,Arabica,Colombia,Caturra,7.67,7.58,7.58,7.67,7.75,10.0,2136.0,0.11,Yes
350,Arabica,Brazil,Catuai,7.83,7.5,7.75,7.5,7.58,10.0,1100.0,0.12,Yes
351,Arabica,Colombia,Caturra,7.75,7.58,7.75,7.75,7.5,10.0,1799.0,0.0,Yes
353,Arabica,Costa Rica,Caturra,7.92,7.5,7.67,7.5,7.67,10.0,1850.0,0.0,Yes
354,Arabica,Colombia,Caturra,7.75,7.58,7.5,7.75,7.75,10.0,1000.0,0.0,Yes
355,Arabica,Guatemala,Bourbon,7.67,7.5,7.83,7.58,7.58,10.0,1219.2,0.1,Yes
356,Arabica,Colombia,Caturra,7.58,7.58,7.58,7.75,7.67,10.0,1775.0,0.12,Yes
357,Arabica,Other,Other,7.75,7.58,7.67,7.67,7.58,10.0,1400.0,0.13,Yes
358,Arabica,Other,Other,7.25,7.58,7.92,7.83,7.58,10.0,1500.0,0.13,Yes
361,Arabica,Colombia,Caturra,8.0,7.25,7.58,7.92,7.58,10.0,1850.0,0.11,Yes
362,Arabica,Guatemala,Caturra,7.58,7.5,7.83,7.42,7.67,10.0,1400.0,0.1,Yes
363,Arabica,Colombia,Caturra,7.75,7.33,7.5,7.83,7.83,10.0,1650.0,0.0,Yes
364,Arabica,Honduras,Caturra,7.67,7.67,7.5,7.67,7.67,10.0,1350.0,0.1,Yes
365,Arabica,Colombia,Caturra,7.58,7.42,7.67,7.75,7.67,10.0,1750.0,0.0,Yes
366,Arabica,Colombia,Caturra,7.58,7.58,7.75,7.58,7.75,10.0,1750.0,0.11,Yes
367,Arabica,Mexico,Bourbon,7.83,7.25,7.5,7.5,7.42,10.0,1170.0,0.13,Yes
368,Arabica,Mexico,Typica,7.67,7.67,7.75,7.58,7.5,10.0,940.0,0.11,Yes
369,Arabica,Mexico,Other,7.75,7.67,7.75,7.33,7.5,10.0,1400.0,0.12,Yes
370,Arabica,Guatemala,Caturra,7.83,7.5,8.0,7.67,7.5,10.0,1524.0,0.1,Yes
371,Arabica,Colombia,Caturra,7.67,7.58,7.67,7.67,7.67,10.0,1775.0,0.11,Yes
372,Arabica,Guatemala,Bourbon,7.5,7.75,7.5,8.0,7.67,10.0,1402.08,0.0,Yes
375,Arabica,Colombia,Caturra,7.5,7.58,7.5,7.75,7.83,10.0,439.0,0.0,Yes
376,Arabica,Guatemala,Bourbon,7.67,7.5,7.58,7.58,7.67,10.0,1700.0,0.1,Yes
377,Arabica,Colombia,Caturra,7.67,7.5,7.67,7.67,7.58,10.0,442.0,0.11,Yes
378,Arabica,Costa Rica,Caturra,7.58,7.42,7.92,7.5,7.67,10.0,1850.0,0.09,Yes
380,Arabica,Other,Other,7.58,7.33,7.75,7.67,7.58,10.0,1800.0,0.11,Yes
381,Arabica,Other,Other,7.5,7.75,7.5,7.75,7.67,10.0,1200.0,0.13,Yes
382,Arabica,Other,Bourbon,7.58,7.75,7.58,7.75,7.67,10.0,1330.0,0.11,Yes
383,Arabica,Colombia,Caturra,7.58,7.58,7.67,7.58,7.67,10.0,442.0,0.12,Yes
385,Arabica,Other,Bourbon,7.75,7.58,7.67,7.58,7.58,10.0,1600.0,0.13,Yes
386,Arabica,Colombia,Caturra,7.58,7.25,7.75,7.75,8.58,10.0,1813.0,0.12,Yes
387,Arabica,Guatemala,Bourbon,7.75,7.33,7.83,7.5,7.67,10.0,1219.2,0.1,Yes
388,Arabica,Guatemala,Caturra,7.67,7.5,7.83,7.58,7.5,10.0,1500.0,0.1,Yes
389,Arabica,Guatemala,Bourbon,7.67,7.75,7.42,7.75,7.75,10.0,1310.64,0.11,Yes
391,Arabica,Colombia,Caturra,7.5,7.58,7.5,7.67,7.75,10.0,1450.0,0.11,Yes
396,Arabica,Colombia,Caturra,7.75,7.75,7.58,7.58,7.58,10.0,1650.0,0.0,Yes
399,Arabica,Brazil,Catuai,7.5,7.33,7.58,7.58,7.92,10.0,1227.0,0.1,Yes
400,Arabica,Mexico,Caturra,7.75,7.5,7.67,7.5,7.58,10.0,1200.0,0.12,Yes
401,Arabica,Colombia,Caturra,7.67,7.42,7.83,7.83,7.42,10.0,1650.0,0.11,Yes
402,Arabica,Other,Other,7.75,7.67,7.58,7.58,7.58,10.0,1700.0,0.12,Yes
403,Arabica,Mexico,Other,7.67,7.58,7.67,7.5,7.58,10.0,1100.0,0.12,Yes
404,Arabica,Costa Rica,Caturra,7.67,7.42,7.67,7.67,7.67,10.0,1300.0,0.12,Yes
406,Arabica,Costa Rica,Catuai,7.5,7.67,7.5,7.83,7.17,10.0,1200.0,0.11,Yes
408,Arabica,Other,Typica,7.58,7.67,7.5,7.83,7.42,10.0,1280.16,0.11,Yes
409,Arabica,Colombia,Caturra,7.67,7.5,7.67,7.92,7.42,10.0,1000.0,0.11,Yes
410,Arabica,Guatemala,Bourbon,7.83,7.17,7.67,7.67,7.67,10.0,1310.64,0.11,Yes
412,Arabica,Other,Bourbon,7.75,7.33,7.5,7.5,7.75,10.0,1880.0,0.0,Yes
413,Arabica,Colombia,Caturra,7.5,7.67,7.58,7.67,7.58,10.0,1750.0,0.0,Yes
416,Arabica,Mexico,Typica,7.67,7.42,7.83,7.33,7.5,10.0,1600.0,0.11,Yes
417,Arabica,Costa Rica,Catuai,7.5,7.83,7.5,7.67,7.67,10.0,1900.0,0.11,Yes
419,Arabica,Guatemala,Other,7.5,7.42,7.83,7.67,7.58,10.0,2100.0,0.11,Yes
422,Arabica,Colombia,Caturra,7.58,7.67,7.17,7.75,7.83,10.0,442.0,0.0,Yes
423,Arabica,Mexico,Typica,7.83,7.5,7.58,7.58,7.58,10.0,1261.0,0.12,Yes
424,Arabica,Taiwan,Bourbon,7.67,7.5,7.5,7.67,7.83,10.0,1000.0,0.1,Yes
425,Arabica,Taiwan,Typica,7.92,7.75,7.58,7.5,7.33,10.0,800.0,0.1,Yes
426,Arabica,Colombia,Caturra,7.58,7.5,7.58,7.58,7.75,10.0,1483.0,0.0,Yes
427,Arabica,Guatemala,Caturra,7.5,7.58,7.67,7.67,7.5,10.0,1500.0,0.1,Yes
428,Arabica,Colombia,Caturra,7.83,7.67,7.33,7.67,7.67,10.0,1750.0,0.11,Yes
429,Arabica,Mexico,Bourbon,7.58,7.5,7.5,7.58,7.58,10.0,1300.0,0.12,Yes
432,Arabica,Mexico,Caturra,7.75,7.42,7.92,7.33,7.5,10.0,1000.0,0.12,Yes
433,Arabica,Guatemala,Bourbon,7.83,7.08,7.83,7.42,8.08,10.0,1310.64,0.11,Yes
434,Arabica,Brazil,Other,7.75,7.5,7.58,7.58,7.58,10.0,1200.0,0.11,Yes
435,Arabica,Colombia,Caturra,7.67,7.58,7.42,7.83,7.58,10.0,175.0,0.12,Yes
436,Arabica,Colombia,Caturra,7.67,7.5,7.5,7.58,7.67,10.0,1775.0,0.11,Yes
440,Arabica,Brazil,Bourbon,7.67,7.5,7.58,7.67,7.58,10.0,890.0,0.11,Yes
441,Arabica,Guatemala,Bourbon,7.58,7.33,7.67,7.75,7.58,10.0,1901.0,0.1,Yes
442,Arabica,Other,Bourbon,7.67,7.42,7.67,7.67,7.58,10.0,168.0,0.12,Yes
444,Arabica,Other,Other,7.58,7.08,7.33,7.58,8.58,10.0,1550.0,0.07,Yes
445,Arabica,Guatemala,Caturra,7.67,7.42,7.75,7.58,7.5,10.0,1500.0,0.11,Yes
446,Arabica,Honduras,Catuai,7.67,7.5,7.67,7.5,7.67,10.0,1450.0,0.11,Yes
447,Arabica,Other,Other,7.5,7.33,7.67,7.67,7.67,10.0,1200.0,0.11,Yes
448,Arabica,Other,Other,7.67,7.5,7.67,7.42,7.58,10.0,1600.0,0.1,Yes
449,Arabica,Other,Bourbon,7.5,7.33,7.67,8.0,7.67,10.0,1350.0,0.0,Yes
450,Arabica,Guatemala,Bourbon,7.5,7.5,7.83,7.58,7.5,10.0,1500.0,0.11,Yes
451,Arabica,Guatemala,Bourbon,7.92,7.42,7.75,7.5,7.5,10.0,1650.0,0.12,Yes
452,Arabica,Other,Other,7.83,7.67,7.75,7.83,8.5,9.33,250.5,0.1,Yes
454,Arabica,Other,Other,7.58,7.67,7.58,7.42,7.58,10.0,1653.0,0.13,Yes
455,Arabica,Colombia,Caturra,7.58,7.5,7.67,7.5,7.67,10.0,1775.0,0.0,Yes
456,Arabica,Other,Other,8.0,7.5,7.42,7.33,7.58,10.0,1800.0,0.1,Yes
458,Arabica,Honduras,Catuai,7.5,7.5,7.67,7.67,7.67,10.0,1450.0,0.1,Yes
459,Arabica,Honduras,Caturra,7.67,7.5,7.67,7.5,7.67,10.0,1350.0,0.11,Yes
460,Arabica,Guatemala,Catuai,7.33,7.17,8.17,7.33,7.67,10.0,1524.0,0.09,Yes
462,Arabica,Other,Bourbon,7.58,7.58,7.75,7.58,7.58,10.0,1800.0,0.12,Yes
463,Arabica,Guatemala,Bourbon,7.67,7.33,7.67,7.5,7.67,10.0,1310.64,0.11,Yes
464,Arabica,Mexico,Typica,7.75,7.58,7.58,7.5,7.42,10.0,1500.0,0.11,Yes
465,Arabica,Mexico,Typica,7.75,7.58,7.5,7.42,7.58,10.0,532.0,0.12,Yes
466,Arabica,Mexico,Other,7.58,7.42,7.67,7.5,7.58,10.0,1089.0,0.14,Yes
467,Arabica,Colombia,Caturra,7.67,7.5,7.5,7.58,8.17,10.0,1775.0,0.11,Yes
468,Arabica,Mexico,Typica,7.75,7.42,7.75,7.58,7.58,10.0,700.0,0.13,Yes
469,Arabica,Colombia,Caturra,7.58,7.5,7.58,7.67,7.67,10.0,1750.0,0.11,Yes
470,Arabica,Mexico,Typica,7.5,7.58,7.58,7.67,7.5,10.0,1380.0,0.11,Yes
471,Arabica,Brazil,Other,7.75,7.58,7.5,7.58,7.58,10.0,1000.0,0.12,Yes
472,Arabica,Brazil,Other,7.92,7.5,7.58,7.42,7.5,10.0,950.0,0.11,Yes
473,Arabica,Guatemala,Bourbon,7.75,7.67,7.5,7.92,8.0,9.33,1402.08,0.0,Yes
474,Arabica,Brazil,Other,7.75,7.58,7.5,7.75,7.5,10.0,1000.0,0.12,Yes
478,Arabica,Colombia,Caturra,7.58,7.33,7.67,7.75,7.58,10.0,1799.0,0.0,Yes
480,Arabica,Brazil,Other,7.58,7.58,7.5,7.67,7.58,10.0,905.0,0.11,Yes
481,Arabica,Brazil,Other,7.33,7.67,7.33,7.75,7.42,10.0,1.0,0.0,Yes
482,Arabica,Taiwan,Typica,7.83,7.5,7.83,7.67,7.25,10.0,750.0,0.0,Yes
484,Arabica,Brazil,Bourbon,7.58,7.67,7.42,7.42,7.5,10.0,1200.0,0.0,Yes
485,Arabica,Costa Rica,Catuai,7.83,7.5,7.67,7.58,7.67,10.0,1300.0,0.1,Yes
487,Arabica,Taiwan,Typica,7.75,7.5,7.5,7.5,7.5,10.0,1300.0,0.11,Yes
489,Arabica,Mexico,Other,7.75,7.42,7.75,7.5,7.5,10.0,1400.0,0.1,Yes
492,Arabica,Colombia,Caturra,7.33,7.33,7.58,7.25,8.08,10.0,1775.0,0.01,Yes
496,Arabica,Brazil,Bourbon,7.58,7.5,7.75,7.67,7.5,10.0,890.0,0.0,Yes
497,Arabica,Brazil,Bourbon,7.5,7.58,7.67,7.58,7.5,10.0,894.0,0.11,Yes
498,Arabica,Brazil,Bourbon,7.5,7.58,7.67,7.58,7.42,10.0,872.0,0.11,Yes
499,Arabica,Other,Bourbon,7.67,7.42,7.42,7.83,7.5,10.0,1473.0,0.12,Yes
500,Arabica,Other,Bourbon,7.67,7.5,7.58,7.42,7.5,10.0,1645.0,0.12,Yes
502,Arabica,Other,Caturra,7.75,7.58,7.58,7.42,7.67,10.0,1550.0,0.0,Yes
503,Arabica,Guatemala,Catuai,7.67,7.33,7.92,7.42,7.5,10.0,1550.0,0.11,Yes
504,Arabica,Guatemala,Catuai,7.75,7.33,7.75,7.5,7.42,10.0,1371.6,0.11,Yes
505,Arabica,Guatemala,Bourbon,7.83,7.25,7.67,7.75,7.5,10.0,1500.0,0.11,Yes
506,Arabica,Brazil,Catuai,7.67,7.67,7.5,7.42,7.5,10.0,1000.0,0.0,Yes
507,Arabica,Taiwan,Typica,7.92,7.83,7.58,7.33,7.25,10.0,1200.0,0.08,Yes
508,Arabica,Other,Other,7.83,7.5,7.5,7.58,7.5,10.0,1800.0,0.12,Yes
509,Arabica,Other,Other,7.67,7.67,7.83,7.75,7.83,9.33,853.44,0.0,Yes
510,Arabica,Guatemala,Bourbon,7.67,7.42,7.83,7.5,7.5,10.0,1500.0,0.1,Yes
511,Arabica,Costa Rica,Catuai,7.67,7.5,7.58,7.5,7.5,10.0,1200.0,0.11,Yes
512,Arabica,Brazil,Other,7.75,7.42,7.67,7.42,7.67,10.0,1250.0,0.12,Yes
513,Arabica,Colombia,Caturra,7.75,7.33,7.5,7.58,7.17,10.0,1775.0,0.11,Yes
514,Arabica,Colombia,Caturra,7.83,7.58,7.33,7.5,7.67,10.0,1750.0,0.0,Yes
515,Arabica,Colombia,Caturra,7.33,7.75,7.42,7.75,7.58,10.0,1000.0,0.11,Yes
516,Arabica,Colombia,Caturra,7.58,7.42,7.67,7.58,7.42,10.0,1000.0,0.0,Yes
517,Arabica,Colombia,Caturra,7.5,7.42,7.58,7.75,7.58,10.0,1775.0,0.11,Yes
518,Arabica,Mexico,Typica,7.67,7.42,7.5,7.67,7.58,10.0,750.0,0.11,Yes
519,Arabica,Mexico,Typica,7.67,7.5,7.58,7.58,7.67,10.0,1200.0,0.11,Yes
520,Arabica,Mexico,Bourbon,7.5,7.5,7.5,7.58,7.58,10.0,1200.0,0.11,Yes
522,Arabica,Colombia,Caturra,7.75,7.5,7.67,7.83,7.75,10.0,1625.0,0.0,Yes
523,Arabica,Colombia,Caturra,7.67,7.58,7.58,7.67,7.42,10.0,1750.0,0.11,Yes
524,Arabica,Guatemala,Bourbon,7.5,7.5,7.67,7.5,7.83,10.0,1371.6,0.1,Yes
525,Arabica,Colombia,Caturra,7.67,7.58,7.5,7.67,7.42,10.0,1775.0,0.12,Yes
533,Arabica,Brazil,Bourbon,7.67,7.5,7.58,7.58,7.5,10.0,890.0,0.0,Yes
534,Arabica,Other,Bourbon,7.5,7.75,7.58,7.92,7.83,9.33,1350.0,0.0,Yes
535,Arabica,Colombia,Caturra,7.58,7.5,7.33,7.67,7.58,10.0,1500.0,0.11,Yes
536,Arabica,Taiwan,Caturra,7.17,7.25,7.67,7.67,7.58,10.0,350.0,0.09,Yes
537,Arabica,Other,Other,7.58,7.5,7.5,7.58,7.58,10.0,2000.0,0.0,Yes
538,Arabica,Taiwan,Typica,7.5,7.67,7.33,7.5,7.75,10.0,775.0,0.0,Yes
539,Arabica,Other,Other,7.58,7.67,7.58,7.5,7.5,10.0,1200.0,0.11,Yes
540,Arabica,Other,Other,8.08,7.67,7.42,7.33,7.5,10.0,1600.0,0.0,Yes
541,Arabica,Mexico,Typica,7.83,7.25,7.58,7.5,7.5,10.0,1059.0,0.13,Yes
542,Arabica,Mexico,Bourbon,7.75,7.42,7.42,7.75,7.5,10.0,1300.0,0.12,Yes
543,Arabica,Brazil,Other,7.08,7.5,7.83,7.75,7.67,10.0,11000.0,0.11,Yes
544,Arabica,Other,Other,8.0,7.5,7.58,7.33,7.42,10.0,1650.0,0.12,Yes
545,Arabica,Other,Other,7.75,7.58,7.5,7.5,7.5,10.0,1400.0,0.12,Yes
546,Arabica,Guatemala,Bourbon,7.75,7.42,7.58,7.67,7.5,10.0,1500.0,0.1,Yes
547,Arabica,Guatemala,Caturra,7.67,7.42,7.5,7.33,7.5,10.0,1500.0,0.1,Yes
549,Arabica,Colombia,Caturra,7.58,7.75,7.33,7.58,7.58,10.0,1900.0,0.11,Yes
550,Arabica,Colombia,Caturra,7.75,7.25,7.5,7.75,7.5,10.0,1750.0,0.0,Yes
551,Arabica,Guatemala,Bourbon,7.83,7.25,7.92,7.5,7.17,10.0,1706.88,0.11,Yes
552,Arabica,Colombia,Other,7.83,7.42,7.42,7.5,7.58,10.0,1450.0,0.11,Yes
553,Arabica,Mexico,Typica,7.58,7.33,7.25,7.58,7.75,10.0,1248.0,0.1,Yes
554,Arabica,Other,Other,7.67,7.17,7.58,8.08,7.42,10.0,1040.0,0.0,Yes
555,Arabica,Mexico,Typica,8.0,7.67,7.17,7.67,7.42,10.0,1400.0,0.14,Yes
559,Arabica,Other,Other,7.75,7.42,7.58,7.5,7.5,10.0,1754.0,0.1,Yes
560,Arabica,Guatemala,Bourbon,7.5,7.33,7.67,7.58,7.58,10.0,1700.0,0.11,Yes
561,Arabica,Brazil,Other,7.67,7.58,7.5,7.5,7.42,10.0,905.0,0.11,Yes
562,Arabica,Other,Other,7.33,7.67,7.83,7.33,7.67,10.0,1250.0,0.0,Yes
563,Arabica,Other,Bourbon,7.83,7.75,7.83,7.75,7.75,9.33,1900.0,0.11,Yes
564,Arabica,Other,Other,7.25,7.5,7.42,7.75,7.42,10.0,1040.0,0.11,Yes
565,Arabica,Guatemala,Bourbon,7.58,7.33,7.67,7.67,7.5,10.0,1219.2,0.11,Yes
566,Arabica,Brazil,Catuai,7.58,7.33,7.67,7.42,7.33,10.0,900.0,0.12,Yes
567,Arabica,Colombia,Other,7.83,7.5,7.58,7.5,7.67,10.0,1600.0,0.0,Yes
568,Arabica,Other,Other,7.42,7.25,7.5,7.75,7.75,10.0,1200.0,0.0,Yes
569,Arabica,Guatemala,Bourbon,7.67,7.75,7.67,7.42,7.17,10.0,1500.0,0.1,Yes
570,Arabica,Colombia,Typica,7.5,7.58,7.5,7.58,7.58,10.0,1800.0,0.0,Yes
571,Arabica,Colombia,Caturra,7.83,7.5,7.42,7.5,7.5,10.0,1775.0,0.11,Yes
572,Arabica,Other,Other,7.67,7.33,7.25,7.58,7.75,10.0,1400.0,0.11,Yes
573,Arabica,Mexico,Caturra,7.58,7.5,7.58,7.5,7.5,10.0,1550.0,0.12,Yes
574,Arabica,Mexico,Bourbon,7.67,7.42,7.75,7.42,7.42,10.0,1250.0,0.12,Yes
575,Arabica,Guatemala,Bourbon,7.67,7.33,7.5,7.33,7.92,10.0,1310.64,0.11,Yes
576,Arabica,Mexico,Typica,7.58,7.5,7.42,7.67,7.58,10.0,1380.0,0.11,Yes
578,Arabica,Guatemala,Caturra,7.5,7.42,7.67,7.58,7.5,10.0,1100.0,0.1,Yes
579,Arabica,Guatemala,Caturra,7.58,7.5,7.58,7.5,7.42,10.0,1800.0,0.11,Yes
580,Arabica,Guatemala,Bourbon,7.5,7.17,7.67,7.67,7.58,10.0,1700.0,0.11,Yes
581,Arabica,Guatemala,Bourbon,7.5,7.42,7.58,7.67,7.5,10.0,1219.2,0.1,Yes
582,Arabica,Guatemala,Bourbon,7.42,7.42,7.67,7.5,7.5,10.0,1219.2,0.1,Yes
583,Arabica,Other,Other,7.5,7.42,7.58,7.58,7.5,10.0,1500.0,0.12,Yes
584,Arabica,Guatemala,Bourbon,7.58,7.33,7.58,7.33,7.67,10.0,157.8864,0.12,Yes
585,Arabica,Taiwan,Other,7.83,7.33,7.67,7.58,7.67,10.0,650.0,0.0,Yes
586,Arabica,Other,Bourbon,7.67,7.17,7.33,7.58,7.67,10.0,1250.0,0.0,Yes
587,Arabica,Costa Rica,Caturra,7.58,7.42,7.67,7.42,7.5,10.0,1850.0,0.09,Yes
588,Arabica,Honduras,Caturra,7.58,7.42,7.58,7.5,7.5,10.0,1400.0,0.09,Yes
589,Arabica,Brazil,Other,7.5,7.58,7.5,7.58,7.58,10.0,905.0,0.11,Yes
590,Arabica,Other,Other,7.67,7.33,7.33,7.67,7.67,10.0,1100.0,0.1,Yes
591,Arabica,Other,Other,7.5,7.42,7.67,7.5,7.5,10.0,1500.0,0.11,Yes
592,Arabica,Colombia,Caturra,7.5,7.58,7.75,7.33,7.5,10.0,1775.0,0.0,Yes
593,Arabica,Other,Other,7.75,7.42,7.5,7.33,7.5,10.0,1442.0,0.12,Yes
594,Arabica,Guatemala,Other,7.75,7.25,7.75,7.5,7.67,10.0,1524.0,0.13,Yes
595,Arabica,Colombia,Typica,7.67,7.42,7.58,7.33,7.67,10.0,165.0,0.12,Yes
598,Arabica,Colombia,Caturra,7.58,7.17,7.33,7.25,8.58,10.0,1300.0,0.1,Yes
599,Arabica,Mexico,Typica,7.58,7.5,7.5,7.5,7.5,10.0,1550.0,0.12,Yes
600,Arabica,Mexico,Typica,7.58,7.33,7.75,7.25,7.58,10.0,1200.0,0.12,Yes
601,Arabica,Mexico,Typica,8.08,8.0,8.0,7.83,7.92,10.0,1200.0,0.12,Yes
602,Arabica,Colombia,Caturra,7.5,7.42,7.67,7.5,7.58,10.0,1625.0,0.0,Yes
603,Arabica,Colombia,Caturra,7.67,7.58,7.58,7.5,7.42,10.0,1775.0,0.11,Yes
605,Arabica,Other,Catuai,7.42,7.5,7.58,7.5,7.75,10.0,1100.0,0.0,Yes
607,Arabica,Brazil,Bourbon,7.5,7.25,7.75,7.58,7.5,10.0,890.0,0.0,Yes
608,Arabica,Brazil,Bourbon,7.5,7.5,7.67,7.5,7.42,10.0,934.0,0.11,Yes
609,Arabica,Other,Other,7.67,7.42,7.42,7.42,7.5,10.0,1300.0,0.13,Yes
610,Arabica,Other,Other,7.67,7.67,7.67,7.5,7.67,9.33,1200.0,0.0,Yes
613,Arabica,Brazil,Other,7.58,7.42,7.67,7.5,7.5,10.0,1.0,0.0,Yes
615,Arabica,Other,Other,7.5,7.5,7.5,7.5,7.58,10.0,1700.0,0.12,Yes
616,Arabica,Other,Bourbon,7.58,7.5,7.58,7.33,7.58,10.0,1550.0,0.12,Yes
617,Arabica,Taiwan,Typica,8.0,7.83,7.42,7.25,7.25,10.0,1200.0,0.08,Yes
618,Arabica,Mexico,Typica,7.67,7.42,7.5,7.42,7.5,10.0,1296.0,0.11,Yes
619,Arabica,Other,Other,7.67,7.33,7.67,7.5,7.5,10.0,1650.0,0.12,Yes
620,Arabica,Taiwan,Typica,7.67,7.5,7.5,7.5,7.5,10.0,1240.0,0.11,Yes
621,Arabica,Other,Caturra,7.42,7.5,7.67,7.58,7.5,10.0,1500.0,0.11,Yes
622,Arabica,Colombia,Caturra,7.75,7.67,7.25,7.58,7.42,10.0,1800.0,0.11,Yes
624,Arabica,Guatemala,Caturra,7.67,7.17,7.67,7.5,7.5,10.0,1500.0,0.11,Yes
626,Arabica,Mexico,Other,7.58,7.42,7.58,7.42,7.5,10.0,1100.0,0.11,Yes
627,Arabica,Mexico,Typica,7.5,7.58,7.58,7.42,7.42,10.0,950.0,0.12,Yes
630,Arabica,Mexico,Other,7.75,7.25,7.75,7.67,7.58,10.0,1400.0,0.0,Yes
633,Arabica,Guatemala,Bourbon,7.5,7.42,7.75,7.5,7.5,10.0,1219.2,0.1,Yes
634,Arabica,Taiwan,Typica,7.67,7.5,7.42,7.58,7.5,10.0,1050.0,0.11,Yes
638,Arabica,Other,Typica,7.83,7.42,7.33,7.42,7.5,10.0,1250.0,0.13,Yes
640,Arabica,Other,Caturra,7.42,7.58,7.42,7.58,7.5,10.0,1450.0,0.12,Yes
641,Arabica,Other,Other,7.75,7.33,7.5,7.58,7.5,10.0,1317.0,0.12,Yes
642,Arabica,Other,Other,7.83,7.42,7.58,7.42,7.42,10.0,1650.0,0.12,Yes
643,Arabica,Costa Rica,Catuai,7.67,7.5,7.67,7.0,7.75,10.0,1300.0,0.11,Yes
646,Arabica,Colombia,Caturra,7.75,7.33,7.42,7.5,7.83,10.0,1750.0,0.11,Yes
647,Arabica,Colombia,Caturra,7.75,7.75,7.25,7.33,7.58,10.0,1750.0,0.11,Yes
648,Arabica,Colombia,Caturra,7.58,7.42,7.58,7.67,7.42,10.0,1750.0,0.11,Yes
649,Arabica,Mexico,Typica,7.5,7.5,7.5,7.42,7.5,10.0,1250.0,0.1,Yes
650,Arabica,Mexico,Typica,7.67,7.58,7.75,7.67,6.83,10.0,1150.0,0.12,Yes
651,Arabica,Colombia,Caturra,7.33,7.58,7.42,7.67,7.5,10.0,1775.0,0.11,Yes
652,Arabica,Brazil,Other,7.58,7.33,7.75,7.5,7.5,10.0,975.0,0.0,Yes
653,Arabica,Brazil,Bourbon,7.5,7.5,7.5,7.58,7.5,10.0,890.0,0.11,Yes
654,Arabica,Other,Other,7.83,7.25,7.5,7.42,7.33,10.0,1250.0,0.11,Yes
655,Arabica,Honduras,Caturra,7.58,7.33,7.5,7.5,7.5,10.0,1400.0,0.1,Yes
656,Arabica,Guatemala,Bourbon,7.5,7.33,7.5,7.67,7.5,10.0,1219.2,0.1,Yes
658,Arabica,Other,Caturra,7.33,7.5,7.5,7.67,7.5,10.0,1450.0,0.11,Yes
659,Arabica,Other,Other,7.67,7.33,7.58,7.5,7.5,10.0,1600.0,0.12,Yes
661,Arabica,Mexico,Other,7.42,7.5,7.67,7.25,7.5,10.0,1600.0,0.0,Yes
662,Arabica,Brazil,Other,7.42,7.67,7.33,7.42,7.67,10.0,1260.0,0.11,Yes
663,Arabica,Guatemala,Bourbon,7.83,7.33,7.67,7.42,7.5,10.0,1310.64,0.12,Yes
664,Arabica,Colombia,Caturra,7.5,7.42,7.42,7.58,7.58,10.0,1750.0,0.11,Yes
665,Arabica,Guatemala,Bourbon,7.83,7.17,7.33,7.5,7.67,10.0,1310.64,0.11,Yes
666,Arabica,Mexico,Typica,7.5,7.5,7.5,7.42,7.42,10.0,1679.0,0.13,Yes
667,Arabica,Mexico,Typica,7.67,7.33,7.67,7.5,7.33,10.0,1100.0,0.12,Yes
668,Arabica,Mexico,Typica,7.92,7.33,7.58,7.25,7.42,10.0,1650.0,0.11,Yes
670,Arabica,Brazil,Bourbon,7.67,7.33,7.67,7.5,7.5,10.0,1250.0,0.0,Yes
671,Arabica,Colombia,Caturra,7.67,7.33,7.5,7.25,7.67,10.0,1775.0,0.11,Yes
674,Arabica,Honduras,Other,7.42,7.17,7.58,7.58,7.5,10.0,1500.0,0.12,Yes
675,Arabica,Guatemala,Bourbon,7.58,7.33,7.75,7.33,7.5,10.0,1700.0,0.1,Yes
676,Arabica,Guatemala,Bourbon,7.67,7.25,7.67,7.42,7.33,10.0,1700.0,0.12,Yes
677,Arabica,Guatemala,Bourbon,7.58,7.25,7.67,7.5,7.5,10.0,157.8864,0.12,Yes
679,Arabica,Colombia,Caturra,5.08,7.83,7.75,7.83,8.08,10.0,1600.0,0.11,Yes
680,Arabica,Other,Other,7.67,7.42,7.5,7.42,7.42,10.0,1600.0,0.1,Yes
682,Arabica,Other,Other,7.67,7.42,7.42,7.67,7.42,10.0,2285.0,0.13,Yes
683,Arabica,Brazil,Other,7.17,7.33,7.5,7.75,7.42,10.0,1.0,0.0,Yes
684,Arabica,Guatemala,Caturra,7.5,7.5,7.67,7.42,7.5,10.0,1400.0,0.1,Yes
685,Arabica,Mexico,Typica,7.42,7.42,7.58,7.42,7.5,10.0,1296.0,0.11,Yes
686,Arabica,Brazil,Catuai,7.58,7.33,7.5,7.5,7.42,10.0,1000.0,0.12,Yes
688,Arabica,Brazil,Other,7.25,7.25,7.5,7.42,7.5,10.0,1260.0,0.0,Yes
689,Arabica,Mexico,Bourbon,7.5,7.5,7.92,7.42,7.67,10.0,1170.0,0.12,Yes
691,Arabica,Colombia,Caturra,7.67,7.33,7.5,7.58,7.5,10.0,1775.0,0.11,Yes
692,Arabica,Mexico,Typica,7.5,7.42,7.67,7.42,7.58,10.0,1560.0,0.12,Yes
693,Arabica,Mexico,Typica,7.42,7.5,7.42,7.58,7.5,10.0,1400.0,0.13,Yes
694,Arabica,Mexico,Typica,7.42,7.33,7.58,7.5,7.5,10.0,1300.0,0.14,Yes
695,Arabica,Mexico,Caturra,7.75,7.25,7.58,7.58,7.33,10.0,1170.0,0.13,Yes
696,Arabica,Mexico,Typica,7.5,7.33,7.5,7.5,7.5,10.0,1300.0,0.11,Yes
697,Arabica,Mexico,Other,7.58,7.17,7.5,7.5,7.5,10.0,1350.0,0.14,Yes
698,Arabica,Mexico,Caturra,7.58,7.33,7.58,7.5,7.5,10.0,1150.0,0.11,Yes
699,Arabica,Mexico,Bourbon,7.67,7.33,7.42,7.58,7.33,10.0,1250.0,0.13,Yes
700,Arabica,Mexico,Typica,7.83,7.42,7.67,7.17,7.33,10.0,1450.0,0.12,Yes
701,Arabica,Colombia,Caturra,7.67,7.25,7.42,7.5,7.67,10.0,442.0,0.0,Yes
703,Arabica,Colombia,Caturra,7.33,7.17,7.58,7.42,7.58,10.0,1750.0,0.0,Yes
705,Arabica,Honduras,Caturra,7.5,7.33,7.5,7.42,7.42,10.0,1396.0,0.1,Yes
706,Arabica,Brazil,Catuai,7.33,7.5,7.33,7.5,7.5,10.0,982.0,0.11,Yes
708,Arabica,Brazil,Bourbon,7.5,7.42,7.5,7.42,7.5,10.0,934.0,0.11,Yes
709,Arabica,Costa Rica,Caturra,7.75,7.25,7.25,7.42,7.67,10.0,1850.0,0.1,Yes
710,Arabica,Costa Rica,Catuai,7.75,7.5,7.5,7.33,7.58,10.0,1550.0,0.0,Yes
711,Arabica,Other,Other,7.5,7.42,7.5,7.42,7.42,10.0,1580.0,0.12,Yes
712,Arabica,Brazil,Bourbon,8.25,7.25,8.33,8.17,8.08,10.0,1268.0,0.07,Yes
714,Arabica,Guatemala,Bourbon,7.5,7.17,7.83,7.5,7.5,10.0,1676.4,0.1,Yes
715,Arabica,Other,Other,7.33,7.42,7.58,7.33,7.5,10.0,1450.0,0.12,Yes
716,Arabica,Brazil,Bourbon,7.75,7.67,8.08,8.08,8.0,6.67,1100.0,0.11,Yes
717,Arabica,Guatemala,Other,7.58,7.5,7.58,7.75,7.5,10.0,1524.0,0.12,Yes
719,Arabica,Colombia,Caturra,7.42,7.5,7.17,7.08,8.33,10.0,1300.0,0.1,Yes
720,Arabica,Taiwan,Typica,7.5,7.5,7.5,7.5,7.5,10.0,200.0,0.11,Yes
721,Arabica,Taiwan,Typica,7.5,7.5,7.5,7.5,7.5,10.0,600.0,0.11,Yes
722,Arabica,Guatemala,Bourbon,7.5,7.58,7.5,7.5,7.58,10.0,1310.64,0.12,Yes
723,Arabica,Colombia,Caturra,7.5,7.5,7.5,7.5,7.58,10.0,1750.0,0.0,Yes
724,Arabica,Mexico,Typica,7.67,7.42,7.5,7.42,7.42,10.0,1300.0,0.12,Yes
726,Arabica,Guatemala,Bourbon,7.67,7.33,7.67,7.5,7.33,10.0,1752.6,0.11,Yes
727,Arabica,Mexico,Typica,7.58,7.58,7.33,7.0,7.58,10.0,441.0,0.15,Yes
728,Arabica,Mexico,Bourbon,7.67,7.5,7.58,7.5,7.5,10.0,1170.0,0.13,Yes
729,Arabica,Guatemala,Bourbon,7.5,7.33,7.5,7.33,7.5,10.0,1310.64,0.1,Yes
730,Arabica,Brazil,Other,7.58,7.42,7.5,7.5,7.42,10.0,1100.0,0.12,Yes
731,Arabica,Mexico,Typica,8.0,7.33,7.33,7.08,7.67,10.0,1300.0,0.11,Yes
732,Arabica,Brazil,Other,7.58,7.25,7.58,7.42,7.5,10.0,950.0,0.11,Yes
733,Arabica,Colombia,Caturra,7.83,7.33,7.25,7.58,7.42,10.0,442.0,0.0,Yes
734,Arabica,Brazil,Catuai,7.58,7.25,7.42,7.67,7.33,10.0,1100.0,0.09,Yes
736,Arabica,Guatemala,Other,7.67,7.25,7.67,7.42,7.42,10.0,1450.0,0.11,Yes
737,Arabica,Brazil,Other,7.42,7.5,7.08,7.5,7.42,10.0,1.0,0.0,Yes
738,Arabica,Other,Bourbon,7.58,7.5,7.67,7.83,8.42,9.33,1500.0,0.12,Yes
739,Arabica,Honduras,Catuai,7.58,7.42,7.58,7.42,7.42,10.0,1350.0,0.11,Yes
740,Arabica,Other,Other,7.58,7.33,7.42,7.58,7.5,10.0,1180.0,0.13,Yes
741,Arabica,Brazil,Bourbon,7.75,7.42,7.42,7.33,7.33,10.0,1100.0,0.11,Yes
742,Arabica,Taiwan,Typica,7.5,7.5,7.5,7.5,7.5,10.0,650.0,0.11,Yes
743,Arabica,Mexico,Other,7.58,7.42,7.42,7.42,7.42,10.0,1338.0,0.12,Yes
745,Arabica,Mexico,Bourbon,7.58,7.5,7.17,7.42,7.42,10.0,533.0,0.16,Yes
746,Arabica,Guatemala,Bourbon,7.5,7.33,7.58,7.67,7.33,10.0,1390.8024,0.11,Yes
747,Arabica,Mexico,Bourbon,7.5,7.42,7.67,7.33,7.42,10.0,1170.0,0.13,Yes
748,Arabica,Mexico,Typica,7.67,7.33,7.5,7.42,7.42,10.0,1250.0,0.12,Yes
750,Arabica,Mexico,Typica,7.33,7.42,7.67,7.33,7.5,10.0,1100.0,0.11,Yes
751,Arabica,Mexico,Typica,7.42,7.42,7.58,7.42,7.5,10.0,900.0,0.1,Yes
752,Arabica,Colombia,Caturra,7.5,7.67,7.33,7.58,7.33,10.0,1750.0,0.12,Yes
753,Arabica,Colombia,Caturra,7.67,7.33,7.33,7.5,7.5,10.0,1775.0,0.11,Yes
756,Arabica,Brazil,Bourbon,7.42,7.5,7.42,7.42,7.5,10.0,934.0,0.11,Yes
757,Arabica,Honduras,Caturra,7.5,7.17,7.42,7.5,7.5,10.0,1500.0,0.11,Yes
759,Arabica,Other,Bourbon,7.58,7.42,7.33,7.5,7.42,10.0,1650.0,0.13,Yes
760,Arabica,Other,Other,7.42,7.42,7.5,7.5,7.33,10.0,1600.0,0.12,Yes
761,Arabica,Brazil,Other,6.92,7.42,7.33,7.83,7.5,10.0,1.0,0.0,Yes
763,Arabica,Honduras,Catuai,7.67,7.25,7.42,7.58,7.42,10.0,1350.0,0.11,Yes
764,Arabica,Guatemala,Bourbon,7.42,7.5,7.5,7.42,7.5,10.0,1500.0,0.09,Yes
766,Arabica,Other,Other,7.75,7.42,7.58,7.33,7.42,10.0,1700.0,0.12,Yes
767,Arabica,Mexico,Other,7.42,7.17,7.42,7.33,8.17,10.0,1100.0,0.12,Yes
768,Arabica,Mexico,Other,7.5,7.33,7.42,7.5,7.42,10.0,1400.0,0.1,Yes
769,Arabica,Taiwan,Typica,7.5,7.5,7.5,7.5,7.5,10.0,1200.0,0.11,Yes
770,Arabica,Taiwan,Typica,7.67,7.5,7.17,7.17,7.58,10.0,800.0,0.0,Yes
771,Arabica,Colombia,Caturra,7.33,7.25,7.58,7.75,7.5,10.0,1750.0,0.0,Yes
772,Arabica,Mexico,Typica,7.5,7.0,7.5,7.33,7.5,10.0,1144.0,0.15,Yes
773,Arabica,Guatemala,Caturra,7.25,7.0,7.75,8.17,7.75,9.33,1350.0,0.12,Yes
774,Arabica,Mexico,Typica,7.5,7.25,7.5,7.5,7.33,10.0,1000.0,0.12,Yes
775,Arabica,Mexico,Typica,7.0,7.5,7.5,7.42,7.5,10.0,1200.0,0.1,Yes
777,Arabica,Other,Bourbon,7.5,7.42,7.42,7.5,7.42,10.0,1300.0,0.15,Yes
779,Arabica,Brazil,Bourbon,7.42,7.42,7.5,7.42,7.25,10.0,894.0,0.11,Yes
780,Arabica,Brazil,Other,7.25,7.58,7.58,7.25,7.92,10.0,1.0,0.0,Yes
781,Arabica,Costa Rica,Caturra,7.75,7.42,7.25,7.17,7.42,10.0,1300.0,0.0,Yes
782,Arabica,Other,Bourbon,7.42,7.42,7.42,7.5,7.58,10.0,1500.0,0.12,Yes
783,Arabica,Other,Other,7.42,7.5,7.33,7.33,7.5,10.0,1600.0,0.12,Yes
785,Arabica,Costa Rica,Caturra,7.58,7.33,7.33,7.5,7.67,10.0,13.0,0.11,Yes
787,Arabica,Mexico,Typica,7.42,7.5,7.33,7.42,7.42,10.0,1300.0,0.13,Yes
788,Arabica,Mexico,Typica,7.5,7.42,7.5,7.25,7.5,10.0,1800.0,0.13,Yes
789,Arabica,Mexico,Typica,7.67,7.25,7.58,7.42,7.33,10.0,1250.0,0.11,Yes
790,Arabica,Other,Other,7.67,7.17,7.08,7.67,7.08,10.0,1040.0,0.12,Yes
791,Arabica,Mexico,Typica,7.58,7.25,7.75,7.33,7.42,10.0,1250.0,0.11,Yes
794,Arabica,Honduras,Caturra,7.5,7.17,7.5,7.5,7.42,10.0,1600.0,0.12,Yes
795,Arabica,Honduras,Caturra,7.5,7.25,7.33,7.42,7.5,10.0,1600.0,0.1,Yes
796,Arabica,Brazil,Bourbon,7.5,7.42,7.5,7.33,7.42,10.0,944.0,0.11,Yes
797,Arabica,Other,Other,7.67,7.33,7.42,7.42,7.42,10.0,1650.0,0.13,Yes
798,Arabica,Other,Other,7.42,7.25,7.33,7.5,7.5,10.0,1250.0,0.12,Yes
799,Arabica,Other,Other,7.42,7.33,7.58,7.33,7.42,10.0,1350.0,0.12,Yes
800,Arabica,Other,Other,7.5,7.33,7.58,7.33,7.5,10.0,2500.0,0.13,Yes
801,Arabica,Taiwan,Typica,7.33,7.17,7.42,7.5,7.33,10.0,600.0,0.09,Yes
803,Arabica,Costa Rica,Catuai,7.5,7.33,7.33,7.75,7.5,10.0,1300.0,0.1,Yes
804,Arabica,Honduras,Caturra,7.33,7.33,7.5,7.5,7.83,10.0,1400.0,0.11,Yes
805,Arabica,Colombia,Caturra,7.33,7.58,7.5,7.5,7.58,10.0,1900.0,0.11,Yes
806,Arabica,Taiwan,Typica,7.42,7.33,7.42,8.0,7.5,10.0,650.0,0.12,Yes
807,Arabica,Brazil,Other,7.33,7.42,7.17,7.33,7.42,10.0,1038.5,0.11,Yes
808,Arabica,Mexico,Typica,7.67,7.25,7.5,7.42,7.42,10.0,940.0,0.12,Yes
809,Arabica,Brazil,Other,7.42,7.33,7.5,7.33,7.5,10.0,1000.0,0.12,Yes
810,Arabica,Brazil,Catuai,7.42,7.25,7.5,7.5,7.42,10.0,1050.0,0.11,Yes
812,Arabica,Brazil,Other,7.58,7.17,7.5,7.5,7.42,10.0,950.0,0.12,Yes
813,Arabica,Guatemala,Bourbon,7.75,7.33,7.42,7.75,7.67,9.33,1402.08,0.0,Yes
814,Arabica,Colombia,Caturra,7.33,7.08,7.42,7.5,7.67,10.0,1775.0,0.07,Yes
815,Arabica,Guatemala,Bourbon,7.58,7.25,7.58,7.58,7.5,10.0,1901.0,0.1,Yes
816,Arabica,Guatemala,Bourbon,7.5,7.25,7.42,7.42,7.42,10.0,1219.2,0.11,Yes
817,Arabica,Honduras,Caturra,7.58,7.25,7.33,7.42,7.5,10.0,1400.0,0.12,Yes
818,Arabica,Brazil,Catuai,7.42,7.33,7.5,7.5,7.33,10.0,1020.0,0.11,Yes
819,Arabica,Other,Bourbon,7.67,7.33,7.5,7.5,7.67,9.33,1250.0,0.11,Yes
820,Arabica,Guatemala,Catuai,7.58,7.17,7.83,7.17,7.33,10.0,1550.0,0.11,Yes
821,Arabica,Other,Other,7.33,7.33,7.42,7.5,7.58,10.0,1877.0,0.12,Yes
823,Arabica,Other,Other,7.67,7.42,7.33,7.75,7.42,10.0,1250.0,0.0,Yes
825,Arabica,Taiwan,Typica,7.5,7.42,7.25,7.5,7.5,10.0,1000.0,0.11,Yes
826,Arabica,Mexico,Bourbon,7.58,7.25,7.58,7.5,7.25,10.0,1300.0,0.12,Yes
827,Arabica,Mexico,Typica,7.5,7.25,7.25,7.5,7.5,10.0,981.0,0.13,Yes
828,Arabica,Mexico,Other,7.5,7.25,7.5,7.33,7.33,10.0,690.0,0.14,Yes
829,Arabica,Mexico,Other,7.33,7.17,7.58,7.42,7.33,10.0,1650.0,0.12,Yes
830,Arabica,Mexico,Bourbon,7.67,7.33,7.83,7.5,7.5,10.0,1000.0,0.12,Yes
831,Arabica,Brazil,Other,7.42,7.25,7.5,7.33,7.5,10.0,1100.0,0.12,Yes
833,Arabica,Guatemala,Bourbon,7.42,7.25,7.5,7.33,7.42,10.0,157.8864,0.1,Yes
834,Arabica,Costa Rica,Catuai,7.25,7.5,7.33,7.67,7.42,10.0,1900.0,0.0,Yes
835,Arabica,Brazil,Other,7.42,7.42,7.5,7.42,7.25,10.0,973.0,0.11,Yes
836,Arabica,Other,Other,7.75,7.58,7.75,7.92,7.83,10.0,1250.0,0.11,Yes
837,Arabica,Guatemala,Bourbon,7.58,7.33,7.42,7.58,7.25,10.0,3280.0,0.1,Yes
838,Arabica,Brazil,Other,7.17,6.83,7.5,7.75,7.25,10.0,1.0,0.0,Yes
839,Arabica,Brazil,Other,7.58,6.92,6.92,7.67,7.5,10.0,1.0,0.0,Yes
840,Arabica,Other,Catuai,7.33,7.5,7.42,7.33,7.33,10.0,4001.0,0.0,Yes
841,Arabica,Mexico,Catuai,7.58,7.33,7.5,7.17,7.33,10.0,1425.0,0.11,Yes
842,Arabica,Honduras,Catuai,7.5,7.33,7.5,7.42,7.25,10.0,1400.0,0.12,Yes
843,Arabica,Costa Rica,Caturra,7.67,7.5,7.25,7.08,7.42,10.0,1300.0,0.09,Yes
844,Arabica,Taiwan,Typica,7.67,7.17,7.25,7.75,7.33,10.0,700.0,0.0,Yes
845,Arabica,Other,Typica,7.42,7.42,7.33,7.42,7.42,10.0,1300.0,0.11,Yes
846,Arabica,Other,Other,7.58,7.33,7.33,7.33,7.42,10.0,1556.0,0.13,Yes
847,Arabica,Brazil,Bourbon,7.33,7.25,7.17,7.83,7.33,10.0,1100.0,0.11,Yes
848,Arabica,Honduras,Caturra,7.5,7.33,7.33,7.33,7.33,10.0,1350.0,0.1,Yes
849,Arabica,Mexico,Typica,7.42,7.25,7.5,7.33,7.42,10.0,1550.0,0.11,Yes
850,Arabica,Colombia,Caturra,7.5,7.0,7.42,7.5,7.58,10.0,1775.0,0.0,Yes
852,Arabica,Brazil,Bourbon,7.75,7.5,7.42,7.83,7.75,9.33,1250.0,0.12,Yes
853,Arabica,Guatemala,Bourbon,7.83,7.33,7.33,7.67,7.83,9.33,1310.64,0.11,Yes
854,Arabica,Mexico,Bourbon,7.83,7.25,7.58,7.25,7.33,10.0,1500.0,0.12,Yes
855,Arabica,Mexico,Typica,7.33,7.25,7.5,7.5,7.5,10.0,1250.0,0.12,Yes
856,Arabica,Brazil,Other,7.33,7.25,7.5,7.5,7.25,10.0,925.0,0.02,Yes
859,Arabica,Guatemala,Bourbon,7.5,7.25,7.42,7.42,7.33,10.0,1700.0,0.11,Yes
860,Arabica,Other,Caturra,7.0,7.33,7.5,7.5,7.33,10.0,1040.0,0.12,Yes
861,Arabica,Other,Other,7.42,7.42,7.42,7.33,7.33,10.0,1600.0,0.12,Yes
863,Arabica,Mexico,Bourbon,7.5,7.33,7.42,7.25,7.25,10.0,774.0,0.13,Yes
864,Arabica,Mexico,Other,7.42,7.17,7.67,7.33,7.42,10.0,1250.0,0.13,Yes
865,Arabica,Mexico,Typica,7.42,7.33,7.58,7.33,7.33,10.0,1100.0,0.11,Yes
866,Arabica,Mexico,Caturra,7.33,7.33,7.67,7.42,7.25,10.0,1550.0,0.12,Yes
867,Arabica,Mexico,Typica,7.5,7.25,7.33,7.67,7.25,10.0,1650.0,0.12,Yes
868,Arabica,Colombia,Caturra,7.33,7.33,7.33,7.5,7.67,10.0,1750.0,0.0,Yes
870,Arabica,Brazil,Bourbon,7.42,7.25,7.5,7.5,7.25,10.0,890.0,0.11,Yes
871,Arabica,Guatemala,Bourbon,7.42,7.08,7.42,7.33,7.42,10.0,1700.0,0.1,Yes
872,Arabica,Guatemala,Bourbon,7.42,7.17,7.67,7.33,7.42,10.0,1219.2,0.12,Yes
873,Arabica,Honduras,Catuai,7.58,7.33,7.33,7.42,7.25,10.0,1450.0,0.11,Yes
877,Arabica,Brazil,Other,7.25,6.92,7.42,7.5,7.58,10.0,1.0,0.0,Yes
878,Arabica,Other,Other,7.42,7.25,7.42,7.5,7.42,10.0,1500.0,0.12,Yes
879,Arabica,Other,Other,7.33,7.5,7.25,7.42,7.33,10.0,1700.0,0.12,Yes
880,Arabica,Brazil,Bourbon,7.25,7.25,7.5,7.5,7.42,10.0,1260.0,0.1,Yes
882,Arabica,Honduras,Caturra,7.5,7.5,7.5,7.17,7.17,10.0,1400.0,0.1,Yes
883,Arabica,Costa Rica,Caturra,7.5,7.17,7.17,7.5,7.08,10.0,1850.0,0.11,Yes
885,Arabica,Taiwan,Typica,7.5,7.5,7.25,7.42,7.25,10.0,150.0,0.11,Yes
886,Arabica,Taiwan,Typica,7.58,7.33,7.42,7.33,7.33,10.0,750.0,0.11,Yes
887,Arabica,Mexico,Typica,7.5,7.08,7.58,7.33,7.33,10.0,1400.0,0.12,Yes
888,Arabica,Guatemala,Bourbon,7.5,7.33,7.33,7.33,7.33,10.0,1752.6,0.11,Yes
889,Arabica,Mexico,Typica,7.25,7.58,7.67,7.67,7.58,10.0,1650.0,0.13,Yes
890,Arabica,Mexico,Bourbon,7.67,7.17,7.75,7.5,7.25,10.0,1400.0,0.11,Yes
891,Arabica,Mexico,Bourbon,7.5,7.33,7.42,7.42,7.42,10.0,1200.0,0.11,Yes
892,Arabica,Mexico,Bourbon,7.58,7.25,7.58,7.25,7.17,10.0,1400.0,0.11,Yes
893,Arabica,Mexico,Caturra,7.75,7.25,7.17,7.58,7.33,10.0,940.0,0.11,Yes
895,Arabica,Honduras,Other,7.5,7.08,7.42,7.5,7.33,10.0,1200.0,0.11,Yes
896,Arabica,Guatemala,Bourbon,7.42,7.08,7.5,7.42,7.33,10.0,190164.0,0.12,Yes
897,Arabica,Taiwan,Typica,7.42,7.25,7.67,7.33,7.25,10.0,800.0,0.1,Yes
898,Arabica,Costa Rica,Caturra,7.58,7.5,7.17,7.08,7.58,10.0,13.0,0.12,Yes
899,Arabica,Other,Other,7.42,7.33,7.42,7.42,7.33,10.0,1800.0,0.12,Yes
900,Arabica,Other,Other,7.42,7.17,7.58,7.33,7.33,10.0,1100.0,0.13,Yes
901,Arabica,Taiwan,Typica,7.33,7.08,7.08,8.33,8.25,9.33,850.0,0.0,Yes
902,Arabica,Brazil,Other,7.42,7.33,7.33,7.5,7.25,10.0,1260.0,0.12,Yes
903,Arabica,Guatemala,Bourbon,7.42,7.17,7.58,7.42,7.5,10.0,1310.64,0.12,Yes
904,Arabica,Mexico,Typica,7.67,7.42,7.5,6.75,7.42,10.0,1400.0,0.12,Yes
905,Arabica,Mexico,Other,7.33,7.25,7.5,7.5,7.17,10.0,1600.0,0.11,Yes
906,Arabica,Mexico,Typica,7.67,7.42,7.58,7.58,7.42,8.67,1650.0,0.11,Yes
910,Arabica,Guatemala,Bourbon,7.67,7.17,7.42,7.33,7.42,10.0,1219.2,0.1,Yes
911,Arabica,Other,Caturra,7.5,7.33,7.33,7.25,7.33,10.0,1100.0,0.11,Yes
912,Arabica,Honduras,Caturra,7.5,7.33,7.42,7.17,7.25,10.0,1400.0,0.1,Yes
914,Arabica,Taiwan,Typica,7.5,7.33,7.08,7.58,7.25,10.0,180.0,0.12,Yes
915,Arabica,Other,Catuai,7.25,7.25,7.5,7.33,7.33,10.0,1219.2,0.0,Yes
916,Arabica,Costa Rica,Caturra,7.83,7.08,7.08,7.33,7.5,10.0,1200.0,0.12,Yes
917,Arabica,Other,Other,7.67,6.92,7.5,7.5,7.17,10.0,1599.0,0.12,Yes
918,Arabica,Guatemala,Other,7.5,7.17,7.58,7.25,7.42,10.0,1219.2,0.12,Yes
919,Arabica,Taiwan,Typica,7.42,7.67,7.33,7.42,7.5,9.33,900.0,0.11,Yes
920,Arabica,Brazil,Other,7.58,7.5,7.67,7.67,7.83,9.33,1200.0,0.0,Yes
921,Arabica,Other,Other,7.42,7.25,7.42,7.42,7.33,10.0,825.0,0.11,Yes
922,Arabica,Taiwan,Typica,7.5,7.25,7.25,7.33,7.33,10.0,600.0,0.11,Yes
923,Arabica,Mexico,Typica,7.33,7.17,7.42,7.5,7.5,10.0,1150.0,0.13,Yes
924,Arabica,Mexico,Typica,7.58,7.25,7.42,7.33,7.33,10.0,1600.0,0.12,Yes
925,Arabica,Mexico,Catuai,7.42,7.17,7.42,7.17,8.0,10.0,1100.0,0.12,Yes
926,Arabica,Mexico,Typica,7.33,7.33,7.33,7.33,7.42,10.0,1000.0,0.11,Yes
927,Arabica,Mexico,Bourbon,7.42,7.33,7.17,7.25,7.42,10.0,1250.0,0.13,Yes
928,Arabica,Mexico,Typica,7.5,7.25,7.5,7.42,7.58,10.0,1100.0,0.11,Yes
929,Arabica,Other,Other,7.75,7.17,7.33,7.58,7.33,10.0,1400.0,0.12,Yes
930,Arabica,Brazil,Bourbon,7.5,7.17,7.42,7.5,7.33,10.0,125.0,0.12,Yes
934,Arabica,Mexico,Other,7.58,7.08,7.33,7.5,7.33,10.0,1100.0,0.12,Yes
935,Arabica,Guatemala,Catuai,7.42,7.08,7.58,7.33,7.25,10.0,1371.6,0.1,Yes
936,Arabica,Brazil,Catuai,7.33,7.5,7.33,6.83,7.42,10.0,1100.0,0.11,Yes
937,Arabica,Honduras,Catuai,7.5,7.17,7.25,7.5,7.42,10.0,1400.0,0.12,Yes
938,Arabica,Taiwan,Typica,7.83,7.42,7.17,7.08,7.08,10.0,110.0,0.12,Yes
939,Arabica,Other,Other,7.58,7.33,7.42,7.08,7.42,10.0,1422.0,0.12,Yes
940,Arabica,Brazil,Bourbon,7.25,7.42,7.17,7.33,7.33,10.0,1100.0,0.0,Yes
941,Arabica,Guatemala,Bourbon,7.42,7.17,7.42,7.42,7.42,10.0,1550.0,0.1,Yes
942,Arabica,Mexico,Typica,7.67,7.25,7.17,7.25,7.42,10.0,1550.0,0.0,Yes
944,Arabica,Guatemala,Bourbon,7.42,7.25,7.42,7.42,7.5,10.0,1310.64,0.12,Yes
945,Arabica,Mexico,Caturra,7.42,7.25,7.17,7.25,7.42,10.0,763.0,0.13,Yes
946,Arabica,Mexico,Typica,7.42,7.25,7.25,7.5,7.33,10.0,1100.0,0.13,Yes
947,Arabica,Colombia,Caturra,7.5,7.25,7.17,7.17,7.75,10.0,1750.0,0.11,Yes
951,Arabica,Honduras,Caturra,7.5,7.0,7.17,7.5,7.33,10.0,1500.0,0.11,Yes
953,Arabica,Brazil,Catuai,7.25,7.33,7.33,7.33,7.42,10.0,1100.0,0.11,Yes
954,Arabica,Honduras,Catuai,7.58,7.17,7.42,7.17,7.17,10.0,1350.0,0.09,Yes
955,Arabica,Brazil,Other,7.17,7.42,7.25,7.42,7.33,10.0,1200.0,0.12,Yes
956,Arabica,Other,Other,7.08,7.42,7.33,7.33,7.5,10.0,1400.0,0.14,Yes
957,Arabica,Other,Other,7.75,7.08,7.33,7.33,7.25,10.0,1200.0,0.13,Yes
958,Arabica,Honduras,Catuai,7.33,7.17,7.33,7.5,7.33,10.0,1450.0,0.12,Yes
959,Arabica,Mexico,Typica,7.58,7.25,7.33,7.25,7.25,10.0,1800.0,0.13,Yes
960,Arabica,Mexico,Typica,7.33,7.17,7.42,7.58,7.33,10.0,1000.0,0.12,Yes
961,Arabica,Brazil,Catuai,7.5,7.5,7.5,7.75,7.83,9.33,1100.0,0.11,Yes
962,Arabica,Taiwan,Typica,7.83,7.67,7.83,7.83,7.75,10.0,680.0,0.12,Yes
963,Arabica,Brazil,Other,7.17,7.17,7.08,6.92,8.17,10.0,1.0,0.0,Yes
964,Arabica,Other,Catuai,7.08,7.33,7.17,7.42,7.25,10.0,1100.0,0.1,Yes
965,Arabica,Honduras,Catuai,7.42,7.17,7.5,7.33,7.25,10.0,1400.0,0.12,Yes
966,Arabica,Guatemala,Other,7.33,7.17,7.25,7.42,7.33,10.0,1700.0,0.09,Yes
967,Arabica,Other,Other,7.33,7.17,7.5,7.25,7.42,10.0,1700.0,0.13,Yes
968,Arabica,Taiwan,Typica,7.5,7.25,7.25,7.25,7.25,10.0,650.0,0.11,Yes
969,Arabica,Guatemala,Caturra,7.5,7.5,7.58,7.0,7.25,10.0,1524.0,0.11,Yes
970,Arabica,Mexico,Typica,7.42,7.33,7.33,7.5,7.42,10.0,1500.0,0.12,Yes
972,Arabica,Other,Bourbon,7.67,7.17,7.33,7.5,7.17,10.0,1050.0,0.12,Yes
973,Arabica,Mexico,Caturra,7.75,7.08,7.25,7.08,7.25,10.0,1200.0,0.12,Yes
974,Arabica,Costa Rica,Caturra,7.5,7.33,7.17,7.08,7.17,10.0,1300.0,0.11,Yes
975,Arabica,Honduras,Catuai,7.42,7.0,7.42,7.33,7.33,10.0,1450.0,0.13,Yes
976,Arabica,Other,Caturra,6.83,7.42,7.17,7.5,7.42,10.0,1450.0,0.12,Yes
977,Arabica,Other,Typica,7.25,7.25,7.08,7.58,7.5,10.0,1200.0,0.0,Yes
978,Arabica,Other,Bourbon,7.58,7.17,7.33,7.33,7.25,10.0,1550.0,0.12,Yes
979,Arabica,Other,Caturra,7.58,7.33,7.08,7.33,7.33,10.0,995.0,0.12,Yes
980,Arabica,Costa Rica,Catuai,7.33,7.33,7.25,7.33,7.58,10.0,1300.0,0.11,Yes
982,Arabica,Mexico,Typica,7.42,7.08,7.75,7.42,7.17,10.0,1800.0,0.13,Yes
983,Arabica,Guatemala,Caturra,7.42,7.33,7.25,7.25,7.42,10.0,1450.0,0.12,Yes
984,Arabica,Brazil,Other,7.42,7.25,7.42,7.5,7.17,10.0,1000.0,0.12,Yes
987,Arabica,Brazil,Other,7.58,7.5,7.25,7.75,7.58,9.33,695.0,0.11,Yes
988,Arabica,Other,Other,7.33,7.33,7.42,7.33,7.33,10.0,1100.0,0.11,Yes
989,Arabica,Other,Other,7.42,7.33,7.42,7.25,7.33,10.0,1706.88,0.0,Yes
990,Arabica,Other,Other,7.42,7.33,7.25,7.25,7.33,10.0,1456.0,0.13,Yes
991,Arabica,Costa Rica,Caturra,7.42,7.17,7.25,7.25,7.58,10.0,1500.0,0.13,Yes
992,Arabica,Other,Other,7.67,7.67,7.58,7.58,7.67,10.0,853.44,0.0,Yes
993,Arabica,Mexico,Typica,7.25,7.33,7.33,7.17,7.33,10.0,1650.0,0.13,Yes
994,Arabica,Mexico,Typica,7.33,7.33,7.42,7.25,7.42,10.0,1300.0,0.12,Yes
995,Arabica,Mexico,Typica,7.33,7.25,7.42,7.25,7.25,10.0,1642.0,0.11,Yes
996,Arabica,Mexico,Typica,7.42,7.25,7.42,7.17,7.25,10.0,1200.0,0.1,Yes
999,Arabica,Other,Bourbon,7.42,7.08,7.33,7.25,7.58,10.0,1450.0,0.0,Yes
1001,Arabica,Guatemala,Bourbon,7.42,7.17,7.5,7.25,7.17,10.0,3280.0,0.09,Yes
1002,Arabica,Colombia,Caturra,7.67,7.42,5.25,7.67,7.75,10.0,1600.0,0.0,Yes
1003,Arabica,Guatemala,Bourbon,7.5,7.0,7.25,7.5,7.25,10.0,1219.2,0.11,Yes
1004,Arabica,Taiwan,Typica,7.25,7.17,7.25,7.5,7.33,10.0,758.0,0.12,Yes
1005,Arabica,Honduras,Caturra,7.42,7.25,7.33,7.25,7.17,10.0,1350.0,0.12,Yes
1007,Arabica,Other,Other,7.33,7.08,7.42,7.17,7.33,10.0,1525.0,0.12,Yes
1008,Arabica,Other,Other,7.33,7.17,7.33,7.42,7.42,10.0,1700.0,0.12,Yes
1009,Arabica,Taiwan,Typica,7.5,7.33,7.33,7.33,7.33,10.0,1100.0,0.11,Yes
1011,Arabica,Mexico,Other,7.08,7.33,7.33,7.42,7.25,10.0,950.0,0.12,Yes
1012,Arabica,Mexico,Typica,7.58,7.5,7.67,7.58,7.5,10.0,1100.0,0.0,Yes
1013,Arabica,Taiwan,Other,7.33,7.25,7.33,7.33,7.25,10.0,200.0,0.0,Yes
1014,Arabica,Guatemala,Bourbon,7.67,7.33,7.58,7.67,7.5,9.33,1901.0,0.1,Yes
1015,Arabica,Other,Other,7.17,7.5,7.5,8.0,7.75,10.0,1600.0,0.11,Yes
1016,Arabica,Mexico,Bourbon,7.5,7.17,7.42,7.5,7.33,10.0,1100.0,0.11,Yes
1017,Arabica,Other,Other,7.17,7.0,7.58,7.33,7.0,10.0,1066.8,0.0,Yes
1019,Arabica,Other,Other,7.33,7.17,7.25,7.42,7.33,10.0,1700.0,0.12,Yes
1020,Arabica,Brazil,Other,7.25,7.25,7.25,7.25,7.33,10.0,1200.0,0.12,Yes
1021,Arabica,Taiwan,Typica,7.92,7.33,7.08,7.08,7.08,10.0,550.0,0.09,Yes
1022,Arabica,Brazil,Bourbon,7.17,7.17,7.25,7.25,7.33,10.0,1100.0,0.1,Yes
1023,Arabica,Other,Caturra,7.33,7.25,7.0,7.5,7.42,10.0,1050.0,0.1,Yes
1024,Arabica,Guatemala,Other,7.58,6.92,7.5,7.25,7.17,10.0,1524.0,0.12,Yes
1025,Arabica,Taiwan,Typica,7.42,7.25,7.25,7.25,7.25,10.0,900.0,0.11,Yes
1026,Arabica,Taiwan,Typica,7.25,7.08,7.08,7.08,8.08,10.0,688.0,0.11,Yes
1027,Arabica,Taiwan,Typica,7.42,7.25,7.25,7.25,7.25,10.0,300.0,0.11,Yes
1028,Arabica,Mexico,Typica,7.58,7.08,7.5,7.17,7.25,10.0,1186.0,0.13,Yes
1030,Arabica,Other,Other,7.42,7.17,7.17,7.17,7.25,10.0,1300.0,0.0,Yes
1031,Arabica,Guatemala,Caturra,7.67,7.08,7.33,7.17,7.25,10.0,1200.0,0.11,Yes
1032,Arabica,Mexico,Catuai,7.17,7.25,7.42,7.25,7.33,10.0,1210.0,0.13,Yes
1033,Arabica,Mexico,Typica,7.33,7.33,7.33,7.25,7.17,10.0,1100.0,0.11,Yes
1034,Arabica,Mexico,Bourbon,7.5,7.33,7.25,7.17,7.17,10.0,100.0,0.13,Yes
1038,Arabica,Other,Catuai,6.92,7.0,7.58,7.5,7.08,10.0,3825.0,0.0,Yes
1039,Arabica,Guatemala,Caturra,7.5,7.0,7.42,7.17,7.17,10.0,1706.88,0.12,Yes
1040,Arabica,Other,Other,7.25,7.17,7.25,7.33,7.25,10.0,110000.0,0.12,Yes
1041,Arabica,Honduras,Caturra,7.5,7.0,7.42,7.25,7.17,10.0,1450.0,0.11,Yes
1042,Arabica,Other,Caturra,7.25,7.17,7.33,7.33,7.17,10.0,1680.0,0.11,Yes
1043,Arabica,Honduras,Catuai,7.42,7.08,7.42,7.25,7.25,10.0,1350.0,0.09,Yes
1044,Arabica,Honduras,Catuai,7.25,7.08,7.5,7.25,7.33,10.0,1450.0,0.13,Yes
1045,Arabica,Costa Rica,Caturra,7.33,7.25,7.25,7.17,7.17,10.0,1300.0,0.11,Yes
1046,Arabica,Mexico,Typica,7.58,7.42,7.25,7.5,7.5,10.0,1200.0,0.11,Yes
1047,Arabica,Other,Typica,7.42,7.42,7.25,7.08,7.33,10.0,1000.0,0.12,Yes
1050,Arabica,Other,Other,7.58,7.0,7.67,7.5,7.5,10.0,1350.0,0.13,Yes
1051,Arabica,Guatemala,Bourbon,7.67,6.83,7.17,7.42,7.17,10.0,1500.0,0.11,Yes
1052,Arabica,Costa Rica,Caturra,7.83,7.67,7.67,7.83,7.5,10.0,185.0,0.11,Yes
1053,Arabica,Other,Caturra,7.5,7.17,7.17,7.25,7.17,10.0,995.0,0.12,Yes
1054,Arabica,Mexico,Typica,7.25,7.17,7.25,7.17,7.42,10.0,1200.0,0.12,Yes
1055,Arabica,Colombia,Caturra,7.67,7.42,7.67,7.5,7.75,6.67,1550.0,0.0,Yes
1056,Arabica,Guatemala,Bourbon,7.67,7.0,7.5,7.0,7.0,10.0,1550.0,0.12,Yes
1062,Arabica,Other,Other,7.25,7.08,7.33,7.33,7.25,10.0,1400.0,0.12,Yes
1063,Arabica,Brazil,Bourbon,7.42,7.33,7.0,7.08,7.25,10.0,1200.0,0.0,Yes
1064,Arabica,Honduras,Caturra,7.5,7.0,7.42,7.33,7.0,10.0,1400.0,0.11,Yes
1065,Arabica,Guatemala,Bourbon,7.17,6.83,7.5,7.17,7.25,10.0,1383.792,0.11,Yes
1068,Arabica,Taiwan,Other,7.17,7.17,7.42,7.17,7.25,10.0,50.0,0.0,Yes
1069,Arabica,Guatemala,Caturra,7.33,7.08,7.17,7.25,7.17,10.0,1500.0,0.1,Yes
1070,Arabica,Honduras,Catuai,7.58,7.0,7.17,7.33,7.08,10.0,1650.0,0.11,Yes
1072,Arabica,Brazil,Other,7.25,7.17,7.5,7.33,7.25,10.0,1250.0,0.11,Yes
1073,Arabica,Other,Other,7.17,7.17,7.42,7.25,7.08,10.0,3800.0,0.0,Yes
1074,Arabica,Guatemala,Other,7.5,6.83,7.5,7.17,7.17,10.0,1219.2,0.11,Yes
1075,Arabica,Brazil,Other,7.42,7.08,7.33,7.67,7.5,10.0,1250.0,0.1,Yes
1077,Arabica,Guatemala,Bourbon,7.5,7.0,7.67,7.17,7.0,10.0,1859.28,0.12,Yes
1078,Arabica,Mexico,Typica,7.25,7.08,7.33,7.25,7.17,10.0,1450.0,0.15,Yes
1080,Arabica,Taiwan,Typica,7.58,7.17,7.17,7.17,7.17,10.0,600.0,0.14,Yes
1081,Arabica,Other,Bourbon,7.33,7.08,7.08,7.33,7.17,10.0,1450.0,0.0,Yes
1082,Arabica,Other,Other,7.25,7.25,7.17,7.33,7.17,10.0,1700.0,0.17,Yes
1083,Arabica,Taiwan,Typica,7.25,7.17,7.25,7.25,7.25,10.0,600.0,0.11,Yes
1084,Arabica,Mexico,Typica,6.92,7.08,7.5,7.33,7.17,10.0,1050.0,0.1,Yes
1085,Arabica,Mexico,Caturra,7.42,7.08,7.33,7.25,7.17,10.0,1550.0,0.12,Yes
1087,Arabica,Other,Bourbon,7.25,7.0,7.25,7.42,7.08,10.0,1700.0,0.13,Yes
1089,Arabica,Taiwan,Other,7.25,7.08,7.25,7.25,7.25,10.0,600.0,0.11,Yes
1090,Arabica,Guatemala,Bourbon,7.33,6.83,7.5,7.0,7.17,10.0,1310.64,0.11,Yes
1091,Arabica,Mexico,Typica,7.25,7.08,7.33,7.33,7.17,10.0,940.0,0.11,Yes
1094,Arabica,Brazil,Catuai,7.17,7.42,7.08,7.0,7.0,10.0,995.0,0.11,Yes
1095,Arabica,Honduras,Caturra,7.25,7.0,7.0,7.42,7.0,10.0,1400.0,0.1,Yes
1096,Arabica,Mexico,Caturra,7.25,7.0,7.33,7.33,7.0,10.0,1600.0,0.1,Yes
1097,Arabica,Other,Other,8.0,7.0,7.33,7.08,6.92,10.0,914.4,0.11,Yes
1098,Arabica,Other,Catuai,7.42,7.08,7.0,7.17,7.33,10.0,4287.0,0.0,Yes
1099,Arabica,Other,Caturra,7.08,7.0,7.25,7.5,7.25,10.0,900.0,0.11,Yes
1102,Arabica,Taiwan,Typica,7.25,7.25,7.25,7.17,7.25,10.0,700.0,0.11,Yes
1103,Arabica,Guatemala,Caturra,7.0,7.33,7.33,7.0,7.17,10.0,1400.0,0.11,Yes
1104,Arabica,Mexico,Caturra,7.58,7.17,7.25,6.75,7.0,10.0,808.0,0.11,Yes
1105,Arabica,Other,Other,7.42,7.25,7.58,7.42,7.33,10.0,1550.0,0.0,Yes
1106,Arabica,Other,Caturra,7.17,7.08,7.33,7.25,7.08,10.0,1187.5,0.11,Yes
1107,Arabica,Honduras,Catuai,7.25,7.0,7.17,7.08,7.08,10.0,1400.0,0.11,Yes
1108,Arabica,Guatemala,Bourbon,7.33,7.0,7.17,7.17,7.17,10.0,1310.64,0.11,Yes
1109,Arabica,Mexico,Typica,7.33,6.92,7.42,7.25,7.08,10.0,1250.0,0.11,Yes
1110,Arabica,Mexico,Typica,7.58,7.33,7.5,7.08,7.17,10.0,1550.0,0.14,Yes
1111,Arabica,Mexico,Bourbon,7.33,7.17,7.08,7.25,7.0,10.0,1000.0,0.12,Yes
1112,Arabica,Guatemala,Bourbon,7.33,7.0,7.33,7.0,7.0,10.0,1310.64,0.11,Yes
1114,Arabica,Brazil,Bourbon,7.17,7.0,7.17,7.25,7.25,10.0,1100.0,0.11,Yes
1115,Arabica,Taiwan,Typica,7.42,7.25,7.17,7.0,7.0,10.0,850.0,0.07,Yes
1117,Arabica,Taiwan,Typica,7.25,7.25,7.25,7.08,7.0,10.0,200.0,0.11,Yes
1118,Arabica,Taiwan,Typica,7.25,7.25,7.0,7.25,7.08,10.0,150.0,0.11,Yes
1119,Arabica,Taiwan,Typica,7.25,7.25,7.08,7.17,7.08,10.0,250.0,0.11,Yes
1120,Arabica,Mexico,Typica,7.33,7.25,7.08,7.08,7.08,10.0,1300.0,0.15,Yes
1121,Arabica,Mexico,Typica,7.25,7.0,7.17,7.33,7.17,10.0,1300.0,0.14,Yes
1122,Arabica,Other,Caturra,7.33,6.92,7.08,7.42,7.17,10.0,1250.0,0.1,No
1123,Arabica,Other,Other,7.17,7.0,7.42,7.17,7.0,10.0,3845.0,0.0,No
1124,Arabica,Mexico,Typica,7.58,7.42,7.5,7.5,7.5,10.0,1400.0,0.0,No
1125,Arabica,Taiwan,Typica,7.25,7.25,7.0,7.25,7.0,10.0,250.0,0.11,No
1127,Arabica,Mexico,Typica,7.25,7.08,7.17,7.33,7.33,10.0,1250.0,0.12,No
1128,Arabica,Mexico,Other,7.08,7.0,7.33,7.08,7.0,10.0,1100.0,0.11,No
1132,Arabica,Mexico,Bourbon,7.33,7.08,7.33,7.42,7.17,10.0,1300.0,0.12,No
1133,Arabica,Mexico,Other,7.17,6.92,7.25,7.33,7.08,10.0,1100.0,0.12,No
1134,Arabica,Mexico,Bourbon,7.5,7.0,7.17,7.25,7.08,10.0,1100.0,0.0,No
1135,Arabica,Mexico,Catuai,7.17,7.08,7.08,7.5,7.33,10.0,1100.0,0.11,No
1136,Arabica,Mexico,Typica,7.33,7.0,7.42,7.17,7.17,10.0,1250.0,0.12,No
1137,Arabica,Mexico,Other,7.17,7.08,7.58,7.33,7.08,10.0,1250.0,0.11,No
1139,Arabica,Other,Other,7.0,7.0,7.17,7.25,7.25,10.0,1500.0,0.11,No
1140,Arabica,Guatemala,Bourbon,7.33,6.92,7.33,7.25,7.33,10.0,1700.0,0.1,No
1141,Arabica,Other,Caturra,6.83,7.17,6.92,7.5,7.08,10.0,1250.0,0.11,No
1142,Arabica,Mexico,Typica,7.17,7.0,7.25,7.5,7.0,10.0,1300.0,0.12,No
1144,Arabica,Guatemala,Bourbon,7.5,7.25,7.58,7.33,7.42,9.33,190164.0,0.1,No
1145,Arabica,Taiwan,Typica,7.75,7.17,7.33,7.67,7.83,8.67,1000.0,0.0,No
1146,Arabica,Taiwan,Typica,7.08,7.25,7.0,7.17,7.17,10.0,600.0,0.1,No
1149,Arabica,Costa Rica,Catuai,7.58,7.67,7.75,7.67,7.58,10.0,1100.0,0.1,No
1150,Arabica,Mexico,Typica,7.58,7.0,7.0,7.5,6.92,10.0,1400.0,0.12,No
1151,Arabica,Mexico,Bourbon,7.58,6.92,7.58,7.5,6.92,10.0,1022.0,0.13,No
1152,Arabica,Mexico,Bourbon,7.25,7.0,7.17,7.17,7.08,10.0,1300.0,0.12,No
1153,Arabica,Mexico,Bourbon,7.25,7.17,7.08,7.17,7.0,10.0,1450.0,0.14,No
1154,Arabica,Mexico,Typica,7.33,7.0,7.08,7.08,7.0,10.0,1050.0,0.1,No
1156,Arabica,Mexico,Typica,7.25,6.92,7.08,7.25,7.08,10.0,1100.0,0.12,No
1157,Arabica,Guatemala,Bourbon,7.42,7.25,7.58,7.42,7.33,9.33,1219.2,0.1,No
1158,Arabica,Other,Bourbon,7.25,7.0,6.83,7.33,7.17,10.0,1250.0,0.0,No
1160,Arabica,Guatemala,Bourbon,7.5,6.83,7.08,7.08,7.17,10.0,1310.64,0.11,No
1161,Arabica,Mexico,Typica,7.42,6.83,7.58,7.17,6.58,10.0,1400.0,0.12,No
1162,Arabica,Mexico,Caturra,7.33,7.0,6.75,7.08,7.0,10.0,975.0,0.13,No
1163,Arabica,Mexico,Other,6.92,7.17,7.17,7.08,7.08,10.0,1264.0,0.0,No
1165,Arabica,Mexico,Typica,7.08,6.92,7.33,7.25,7.08,10.0,1250.0,0.12,No
1166,Arabica,Mexico,Caturra,7.25,6.92,7.33,7.25,7.0,10.0,1550.0,0.13,No
1169,Arabica,Other,Caturra,6.92,7.0,7.42,7.25,7.0,10.0,1050.0,0.12,No
1170,Arabica,Taiwan,Typica,6.92,7.17,7.0,7.42,7.0,10.0,700.0,0.0,No
1171,Arabica,Colombia,Caturra,7.83,7.42,7.42,7.67,7.5,10.0,1550.0,0.0,No
1172,Arabica,Mexico,Caturra,7.25,6.92,7.25,7.58,7.08,10.0,1550.0,0.12,No
1173,Arabica,Mexico,Typica,7.25,7.0,7.25,7.17,7.17,10.0,1100.0,0.12,No
1174,Arabica,Guatemala,Bourbon,7.08,7.25,7.58,7.33,7.42,9.33,1219.2,0.1,No
1175,Arabica,Guatemala,Other,7.25,6.83,7.0,7.0,7.17,10.0,1219.2,0.1,No
1176,Arabica,Mexico,Typica,7.0,6.83,7.42,7.33,7.17,10.0,800.0,0.13,No
1178,Arabica,Colombia,Caturra,7.42,6.75,7.25,7.42,7.25,10.0,1200.0,0.0,No
1179,Arabica,Mexico,Typica,7.0,6.83,7.33,7.42,6.92,10.0,950.0,0.14,No
1180,Arabica,Mexico,Typica,7.42,7.08,7.17,7.08,7.08,10.0,750.0,0.14,No
1182,Arabica,Taiwan,Typica,7.08,6.83,7.25,7.42,7.08,10.0,850.0,0.11,No
1183,Arabica,Mexico,Bourbon,7.0,6.92,7.17,7.17,7.08,10.0,1000.0,0.13,No
1184,Arabica,Guatemala,Bourbon,7.33,7.33,7.42,7.5,7.42,9.33,1219.2,0.1,No
1185,Arabica,Honduras,Catuai,7.58,6.75,6.92,7.0,6.92,10.0,1650.0,0.11,No
1186,Arabica,Guatemala,Bourbon,7.08,6.92,7.42,7.0,6.92,10.0,1320.0,0.11,No
1187,Arabica,Guatemala,Catuai,7.25,6.75,7.25,7.0,6.92,10.0,1550.0,0.11,No
1189,Arabica,Mexico,Typica,7.25,6.92,7.08,7.17,7.17,10.0,1550.0,0.14,No
1190,Arabica,Mexico,Typica,7.17,6.92,7.08,7.17,7.0,10.0,1450.0,0.14,No
1191,Arabica,Mexico,Typica,6.75,6.83,7.25,7.58,7.08,10.0,1200.0,0.01,No
1192,Arabica,Guatemala,Bourbon,7.58,7.42,7.42,7.67,7.67,8.67,1700.0,0.1,No
1193,Arabica,Other,Other,7.42,6.75,7.33,7.33,6.92,10.0,853.44,0.13,No
1194,Arabica,Mexico,Typica,7.33,6.92,7.25,7.33,7.08,10.0,1500.0,0.16,No
1195,Arabica,Mexico,Other,7.25,6.75,7.33,7.42,7.0,10.0,1100.0,0.11,No
1196,Arabica,Mexico,Typica,7.17,7.25,7.17,7.25,7.08,10.0,1200.0,0.1,No
1198,Arabica,Guatemala,Other,7.33,6.58,7.42,7.08,6.83,10.0,1219.2,0.12,No
1199,Arabica,Honduras,Other,7.0,7.0,7.0,7.0,7.0,10.0,1350.0,0.11,No
1200,Arabica,Other,Typica,7.67,7.08,7.25,8.0,7.5,9.33,1400.0,0.0,No
1201,Arabica,Mexico,Other,6.75,6.67,7.25,7.17,7.08,10.0,1300.0,0.12,No
1202,Arabica,Mexico,Typica,7.5,6.92,7.5,7.25,7.0,10.0,1550.0,0.14,No
1203,Arabica,Mexico,Typica,7.17,6.83,7.25,7.17,6.92,10.0,12.0,0.14,No
1204,Arabica,Mexico,Typica,7.33,6.75,7.08,7.17,7.25,10.0,1300.0,0.12,No
1205,Arabica,Mexico,Typica,7.5,6.92,7.08,6.92,6.75,10.0,1400.0,0.16,No
1206,Arabica,Other,Caturra,7.17,6.92,7.0,7.0,7.0,10.0,1100.0,0.1,No
1208,Arabica,Guatemala,Bourbon,7.33,6.33,7.25,7.0,7.0,10.0,1310.64,0.12,No
1209,Arabica,Mexico,Typica,7.25,6.83,7.0,7.17,7.0,10.0,1320.0,0.14,No
1210,Arabica,Mexico,Typica,7.25,7.17,7.25,7.08,7.0,10.0,1250.0,0.14,No
1211,Arabica,Mexico,Bourbon,7.67,6.83,7.33,7.58,7.17,8.67,1350.0,0.12,No
1212,Arabica,Other,Typica,7.0,6.83,7.17,7.17,7.17,9.33,1850.0,0.0,No
1213,Arabica,Mexico,Caturra,6.92,6.67,7.25,7.17,6.92,10.0,1150.0,0.13,No
1216,Arabica,Guatemala,Other,7.33,6.92,7.58,7.25,7.17,10.0,1219.2,0.12,No
1217,Arabica,Taiwan,Typica,6.83,7.17,7.25,7.0,6.92,10.0,800.0,0.1,No
1218,Arabica,Mexico,Typica,7.0,6.75,7.33,6.92,6.92,10.0,1400.0,0.13,No
1219,Arabica,Mexico,Typica,7.92,7.58,7.92,7.92,7.5,10.0,1300.0,0.1,No
1221,Arabica,Mexico,Bourbon,7.25,6.92,6.92,7.25,7.58,10.0,1600.0,0.0,No
1222,Arabica,Mexico,Typica,7.08,6.83,7.0,7.0,6.92,10.0,1400.0,0.12,No
1223,Arabica,Mexico,Caturra,7.25,7.0,6.83,7.58,7.08,10.0,1200.0,0.13,No
1225,Arabica,Mexico,Typica,7.58,7.0,7.17,7.33,7.0,10.0,1500.0,0.14,No
1227,Arabica,Guatemala,Other,7.17,6.67,7.0,7.17,7.17,10.0,1219.2,0.1,No
1228,Arabica,Guatemala,Bourbon,7.17,6.5,7.17,7.0,6.83,10.0,1310.64,0.11,No
1229,Arabica,Mexico,Typica,7.25,7.0,7.5,7.33,7.42,10.0,1300.0,0.13,No
1233,Arabica,Other,Other,6.92,6.92,6.92,6.92,6.83,10.0,1300.0,0.13,No
1234,Arabica,Mexico,Typica,7.08,6.67,7.25,7.25,6.92,10.0,1050.0,0.11,No
1235,Arabica,Taiwan,Other,7.5,7.33,7.17,7.5,7.5,10.0,650.0,0.0,No
1236,Arabica,Honduras,Other,6.83,6.67,7.0,7.0,6.83,10.0,1350.0,0.11,No
1238,Arabica,Guatemala,Other,7.42,6.83,7.33,7.0,6.92,9.33,1219.2,0.1,No
1239,Arabica,Other,Typica,7.33,6.92,7.08,7.33,7.0,9.33,1200.0,0.1,No
1240,Arabica,Guatemala,Bourbon,7.0,6.83,7.17,6.67,6.83,10.0,1310.64,0.11,No
1241,Arabica,Mexico,Other,7.25,7.0,7.0,7.25,7.08,8.0,850.0,0.12,No
1243,Arabica,Costa Rica,Caturra,7.5,7.42,7.0,7.08,6.83,10.0,1200.0,0.12,No
1244,Arabica,Mexico,Typica,7.42,7.0,7.0,7.25,7.08,10.0,1248.0,0.11,No
1248,Arabica,Guatemala,Bourbon,7.0,6.67,7.17,6.83,6.83,10.0,1310.64,0.11,No
1249,Arabica,Taiwan,Typica,7.17,6.58,7.33,7.33,7.17,10.0,775.0,0.11,No
1251,Arabica,Mexico,Typica,7.17,6.58,6.75,6.83,6.75,10.0,1300.0,0.13,No
1252,Arabica,Guatemala,Bourbon,7.08,6.33,7.0,6.92,7.0,10.0,1310.64,0.11,No
1253,Arabica,Brazil,Bourbon,7.5,7.42,7.58,7.58,6.92,10.0,890.0,0.0,No
1254,Arabica,Guatemala,Other,7.33,6.83,7.17,7.17,7.17,9.33,1219.2,0.1,No
1255,Arabica,Mexico,Typica,7.33,6.67,7.0,6.92,6.92,10.0,1500.0,0.15,No
1256,Arabica,Other,Typica,6.83,6.83,6.75,6.92,6.92,10.0,825.0,0.1,No
1258,Arabica,Mexico,Other,7.08,7.0,7.25,7.33,7.25,10.0,1200.0,0.12,No
1259,Arabica,Other,Caturra,7.42,7.42,7.67,7.92,7.83,9.33,1200.0,0.0,No
1261,Arabica,Mexico,Typica,6.67,6.42,6.83,7.0,6.92,10.0,1200.0,0.0,No
1263,Arabica,Mexico,Typica,7.17,6.58,7.0,7.25,6.58,10.0,1100.0,0.13,No
1264,Arabica,Guatemala,Bourbon,7.5,6.83,7.5,7.17,7.33,8.67,1310.64,0.11,No
1268,Arabica,Mexico,Typica,7.42,6.83,7.08,6.92,6.83,10.0,1400.0,0.16,No
1269,Arabica,Other,Other,7.33,6.5,6.08,7.58,6.33,9.33,3500.0,0.12,No
1270,Arabica,Mexico,Bourbon,7.08,6.83,7.17,7.17,7.08,10.0,1250.0,0.12,No
1271,Arabica,Honduras,Other,6.83,6.67,6.83,7.0,6.83,10.0,1350.0,0.11,No
1274,Arabica,Guatemala,Bourbon,7.92,7.17,7.58,7.33,7.17,8.0,1310.64,0.11,No
1276,Arabica,Mexico,Other,7.5,6.92,7.0,7.17,6.83,10.0,1100.0,0.11,No
1277,Arabica,Mexico,Other,7.17,6.67,6.83,7.25,7.75,10.0,1200.0,0.11,No
1278,Arabica,Mexico,Other,7.25,6.67,7.08,7.17,6.83,10.0,1100.0,0.12,No
1279,Arabica,Mexico,Typica,7.17,6.83,7.17,7.42,6.67,10.0,1280.0,0.13,No
1280,Arabica,Mexico,Typica,7.0,6.75,6.92,7.17,6.83,10.0,850.0,0.14,No
1281,Arabica,Mexico,Typica,7.08,6.58,7.0,7.0,6.75,10.0,1500.0,0.17,No
1282,Arabica,Mexico,Typica,7.33,6.67,7.25,7.5,7.0,10.0,1250.0,0.12,No
1285,Arabica,Mexico,Typica,7.08,6.83,7.5,7.33,6.83,10.0,1700.0,0.12,No
1287,Arabica,Guatemala,Bourbon,6.5,6.5,7.5,7.33,6.83,8.67,1310.64,0.11,No
1288,Arabica,Mexico,Typica,7.0,6.67,6.83,7.08,6.83,10.0,1140.0,0.14,No
1289,Arabica,Mexico,Typica,6.92,6.17,7.33,7.25,6.75,10.0,1200.0,0.13,No
1290,Arabica,Mexico,Typica,7.67,7.17,7.58,7.33,7.33,10.0,1250.0,0.12,No
1293,Arabica,Honduras,Other,7.0,6.83,7.17,7.0,7.17,8.0,1350.0,0.11,No
1294,Arabica,Mexico,Typica,7.08,6.92,7.08,6.92,6.92,8.0,1200.0,0.0,No
1298,Arabica,Costa Rica,Caturra,6.33,6.33,6.83,6.33,6.5,10.0,1200.0,0.11,No
1299,Arabica,Mexico,Other,6.92,6.92,6.92,7.17,7.0,10.0,800.0,0.12,No
1300,Arabica,Mexico,Bourbon,6.5,6.42,7.17,7.33,6.5,10.0,1800.0,0.11,No
1301,Arabica,Mexico,Typica,6.92,6.83,6.92,7.42,6.92,10.0,1000.0,0.12,No
1303,Arabica,Honduras,Catuai,6.67,6.17,6.67,6.83,6.17,8.0,1450.0,0.1,No
1304,Arabica,Honduras,Catuai,7.0,6.17,6.67,6.5,6.17,8.0,1450.0,0.1,No
1305,Arabica,Honduras,Catuai,7.0,6.17,6.5,6.67,6.17,8.0,1450.0,0.1,No
1306,Arabica,Mexico,Bourbon,7.08,6.25,7.42,7.25,6.75,10.0,900.0,0.11,No
1307,Arabica,Other,Typica,6.75,6.42,6.67,7.08,6.67,6.0,350.0,0.14,No
1308,Arabica,Other,Caturra,7.25,6.33,6.25,6.42,6.08,6.0,1100.0,0.13,No
1309,Arabica,Guatemala,Catuai,7.5,6.67,7.67,7.33,6.67,1.33,1417.32,0.1,No
1310,Arabica,Honduras,Caturra,0.0,0.0,0.0,0.0,0.0,0.0,1400.0,0.12,No
1319,Robusta,Other,Other,7.67,7.58,7.83,7.83,8.0,7.92,1000.0,0.09,Yes
1322,Robusta,Other,Other,7.67,7.75,7.5,7.75,7.58,7.75,1000.0,0.11,Yes
1333,Robusta,Other,Other,7.92,7.42,7.42,7.42,7.42,7.58,3000.0,0.0,No
